
===== BOOK (L, all 108) (/tmp/e4_book.out) =====
/tmp/edge4_pullback.py:91: RuntimeWarning: All-NaN slice encountered
  tr = np.nanmax(np.vstack([H - L, np.abs(H - Cprev), np.abs(L - Cprev)]), axis=0)

== Book: max 5 concurrent, 1 per name, $1000/position, 09:45-15:50 ==
spec             part      days  opens /10min >=1 open >=2 open net bp/tr     t  gross   $/day  days+
40bp:10:eod      tune       150    740   0.14      98%      97%      +3.6 +0.43   +6.1   +1.77  78/150
40bp:10:eod      validate    50    250   0.14      98%      98%      -4.0 -0.22   -1.4   -1.98  26/50
40bp:10:eod      holdout     50    250   0.14      98%      97%      +4.8 +0.37   +7.2   +2.39  25/50
20bp:2:eod       tune       150    738   0.13      99%      97%      +3.4 +0.39   +6.0   +1.65  73/150
20bp:2:eod       validate    50    250   0.14      99%      99%     -10.0 -0.53   -7.6   -5.00  23/50
20bp:2:eod       holdout     50    250   0.14      99%      98%      -9.4 -0.88   -7.2   -4.71  22/50
10bp:5:30        tune       150   8038   1.47      98%      96%      -3.1 -4.15   +0.1  -16.74  61/150
10bp:5:30        validate    50   2774   1.52      99%      97%      -3.6 -3.08   -0.5  -19.91  17/50
10bp:5:30        holdout     50   2731   1.50      99%      97%      -2.1 -2.30   +0.9  -11.63  20/50
mkt:eod          tune       150    750   0.14     100%     100%     -11.8 -1.66   +3.8   -5.90  62/150
mkt:eod          validate    50    250   0.14     100%     100%     -29.9 -2.35  -15.1  -14.97  22/50
mkt:eod          holdout     50    250   0.14     100%     100%     -20.4 -2.07   -6.1  -10.22  20/50
mkt:30           tune       150   8783   1.60      99%      98%      -6.5 -11.92   +0.3  -37.91  24/150
mkt:30           validate    50   2959   1.62     100%      99%      -6.1 -5.23   +0.3  -36.18  13/50
mkt:30           holdout     50   2965   1.62     100%      99%      -4.4 -5.54   +1.6  -25.81   9/50

===== BOOK (L tight <=3bp, info) (/tmp/e4_book_t.out) =====
/tmp/edge4_pullback.py:91: RuntimeWarning: All-NaN slice encountered
  tr = np.nanmax(np.vstack([H - L, np.abs(H - Cprev), np.abs(L - Cprev)]), axis=0)

== Book: max 5 concurrent, 1 per name, $1000/position, 09:45-15:50 ==
spec             part      days  opens /10min >=1 open >=2 open net bp/tr     t  gross   $/day  days+
40bp:10:eod      tune       150    674   0.12      94%      87%      +2.1 +0.38   +2.9   +0.95  77/150
40bp:10:eod      validate    50    249   0.14      97%      94%      -9.2 -0.88   -8.4   -4.61  26/50
40bp:10:eod      holdout     50    222   0.12      95%      87%      +3.6 +0.70   +4.4   +1.61  26/50
20bp:2:eod       tune       150    648   0.12      94%      87%      +0.5 +0.29   +1.3   +0.20  78/150
20bp:2:eod       validate    50    245   0.13      98%      95%      +0.6 +0.11   +1.4   +0.30  30/50
20bp:2:eod       holdout     50    206   0.11      96%      86%      -2.5 -0.21   -1.7   -1.05  27/50
10bp:5:30        tune       150   6283   1.15      95%      85%      -0.1 +0.13   +1.0   -0.47  80/150
10bp:5:30        validate    50   2267   1.24      97%      90%      -2.4 -2.58   -1.3  -10.92  19/50
10bp:5:30        holdout     50   2089   1.14      96%      87%      +0.9 +1.20   +2.0   +3.83  26/50
mkt:eod          tune       150    750   0.14      99%      99%      -0.5 -0.08   +4.4   -0.24  83/150
mkt:eod          validate    50    250   0.14     100%      99%     -10.9 -1.07   -6.1   -5.44  19/50
mkt:eod          holdout     50    250   0.14     100%      99%      -7.4 -1.05   -2.7   -3.70  20/50
mkt:30           tune       150   8159   1.49      98%      96%      -1.9 -3.76   +0.4  -10.24  60/150
mkt:30           validate    50   2765   1.52      99%      97%      -2.2 -2.52   +0.1  -11.97  16/50
mkt:30           holdout     50   2765   1.52      99%      97%      -1.5 -2.10   +0.6   -8.18  18/50

===== TEST P, L (/tmp/e4_PL_report.txt) =====

## Test P (pullback limit after the arm), universe L: per ARM / per FILL / market on same arms / random-time limit
d         W hold | part            arms  fill perARM     t perFILL grossF |    mkt     t  mktG mktG|fill mktG|nofill | rFill  rPerF rGrossF rPerAtt    ex  t_ex | promo
5bp       2   15 | tune           94829   45%   -1.5 -8.88    -3.4   -0.2 |   -6.1 -20.21  -0.0      -5.4        +4.4 |   44%   -3.6    -0.5    -1.6  +0.1 +0.64 | 
5bp       2   15 | validate       33013   49%   -1.9 -5.71    -3.9   -0.8 |   -6.3 -12.05  -0.4      -5.6        +4.6 |   48%   -3.5    -0.4    -1.7  -0.2 -0.73 | 
5bp       2   15 | tune+validate 127842   46%   -1.6 -10.55    -3.5   -0.4 |   -6.2 -23.57  -0.1      -5.4        +4.4 |   45%   -3.6    -0.5    -1.6  -0.0 +0.16 | 
5bp       2   30 | tune           91752   45%   -1.5 -5.01    -3.2   -0.2 |   -6.0 -12.26  +0.1      -5.2        +4.5 |   44%   -3.2    -0.1    -1.4  -0.1 -0.09 | 
5bp       2   30 | validate       31745   49%   -1.7 -3.79    -3.5   -0.5 |   -6.2 -8.92  -0.2      -5.4        +4.9 |   48%   -4.0    -1.0    -1.9  +0.2 +0.35 | 
5bp       2   30 | tune+validate 123497   46%   -1.5 -6.22    -3.3   -0.3 |   -6.0 -14.95  +0.0      -5.3        +4.6 |   45%   -3.4    -0.4    -1.5  +0.0 +0.10 | 
5bp       2   60 | tune           83163   46%   -1.2 -2.17    -2.6   +0.4 |   -5.7 -6.29  +0.5      -4.5        +4.9 |   45%   -3.4    -0.5    -1.5  +0.3 +0.54 | 
5bp       2   60 | validate       28590   50%   -2.5 -2.85    -4.9   -2.0 |   -7.3 -5.62  -1.2      -6.9        +4.5 |   49%   -4.7    -1.9    -2.3  -0.1 -0.22 | 
5bp       2   60 | tune+validate 111753   47%   -1.5 -3.24    -3.2   -0.3 |   -6.1 -8.10  +0.1      -5.2        +4.8 |   46%   -3.8    -0.8    -1.7  +0.2 +0.37 | 
5bp       2  eod | tune           94829   45%   -1.0 -0.73    -2.3   -0.0 |   -6.2 -2.44  -0.1      -5.0        +3.9 |   44%   -2.9    -0.6    -1.3  +0.2 +0.12 | 
5bp       2  eod | validate       33013   49%   -3.0 -1.19    -6.2   -4.0 |   -9.4 -2.28  -3.5      -9.0        +1.7 |   48%   -4.7    -2.5    -2.2  -0.8 -0.38 | 
5bp       2  eod | tune+validate 127842   46%   -1.5 -1.24    -3.4   -1.1 |   -7.0 -3.24  -1.0      -6.1        +3.3 |   45%   -3.4    -1.1    -1.5  -0.1 -0.10 | 
5bp       5   15 | tune           94829   62%   -2.0 -9.81    -3.3   -0.3 |   -6.1 -20.21  -0.0      -5.4        +8.6 |   60%   -3.4    -0.3    -2.0  +0.0 +0.37 | 
5bp       5   15 | validate       33013   65%   -2.5 -6.17    -3.8   -0.8 |   -6.3 -12.05  -0.4      -5.7        +9.6 |   64%   -3.6    -0.6    -2.3  -0.2 -0.55 | 
5bp       5   15 | tune+validate 127842   63%   -2.1 -11.56    -3.4   -0.4 |   -6.2 -23.57  -0.1      -5.5        +8.8 |   61%   -3.4    -0.4    -2.1  -0.0 +0.01 | 
5bp       5   30 | tune           90932   62%   -1.9 -5.37    -3.1   -0.2 |   -6.0 -12.30  +0.1      -5.2        +8.8 |   61%   -3.1    -0.2    -1.9  -0.0 +0.08 | 
5bp       5   30 | validate       31410   65%   -2.3 -4.37    -3.5   -0.7 |   -6.2 -8.87  -0.1      -5.5        +9.9 |   64%   -3.7    -0.8    -2.4  +0.0 -0.01 | 
5bp       5   30 | tune+validate 122342   63%   -2.0 -6.78    -3.2   -0.3 |   -6.0 -14.96  +0.0      -5.3        +9.0 |   62%   -3.3    -0.4    -2.0  -0.0 +0.07 | 
5bp       5   60 | tune           82392   63%   -1.6 -2.43    -2.6   +0.3 |   -5.7 -6.24  +0.5      -4.6        +9.2 |   61%   -3.2    -0.4    -2.0  +0.4 +0.52 | 
5bp       5   60 | validate       28326   66%   -3.2 -3.16    -4.9   -2.0 |   -7.3 -5.59  -1.2      -6.9        +9.9 |   65%   -4.3    -1.4    -2.8  -0.5 -0.50 | 
5bp       5   60 | tune+validate 110718   64%   -2.0 -3.59    -3.2   -0.3 |   -6.1 -8.04  +0.1      -5.2        +9.4 |   62%   -3.5    -0.6    -2.2  +0.2 +0.23 | 
5bp       5  eod | tune           94829   62%   -1.5 -0.85    -2.4   -0.2 |   -6.2 -2.44  -0.1      -5.2        +8.0 |   60%   -3.4    -1.1    -2.0  +0.5 +0.22 | 
5bp       5  eod | validate       33013   65%   -4.0 -1.32    -6.1   -3.9 |   -9.4 -2.28  -3.5      -8.9        +6.7 |   64%   -5.8    -3.6    -3.7  -0.3 -0.15 | 
5bp       5  eod | tune+validate 127842   63%   -2.1 -1.39    -3.4   -1.2 |   -7.0 -3.24  -1.0      -6.2        +7.7 |   61%   -4.0    -1.8    -2.5  +0.3 +0.11 | 
5bp      10   15 | tune           93684   72%   -2.3 -10.30    -3.2   -0.3 |   -6.1 -20.15  -0.0      -5.4       +13.8 |   71%   -3.5    -0.5    -2.4  +0.1 +0.65 | 
5bp      10   15 | validate       32473   75%   -2.9 -6.55    -3.9   -1.0 |   -6.4 -12.13  -0.4      -5.8       +15.5 |   74%   -3.6    -0.6    -2.6  -0.3 -0.66 | 
5bp      10   15 | tune+validate 126157   73%   -2.5 -12.18    -3.4   -0.5 |   -6.2 -23.55  -0.1      -5.5       +14.2 |   71%   -3.5    -0.5    -2.5  +0.0 +0.17 | 
5bp      10   30 | tune           89536   72%   -2.2 -5.61    -3.1   -0.2 |   -6.0 -12.19  +0.1      -5.2       +14.0 |   71%   -3.3    -0.3    -2.3  +0.1 +0.30 | 
5bp      10   30 | validate       30889   75%   -2.7 -4.60    -3.6   -0.7 |   -6.1 -8.87  -0.1      -5.6       +16.1 |   74%   -3.8    -1.0    -2.8  +0.2 +0.15 | 
5bp      10   30 | tune+validate 120425   73%   -2.3 -7.09    -3.2   -0.3 |   -6.0 -14.85  +0.1      -5.3       +14.5 |   72%   -3.4    -0.5    -2.4  +0.1 +0.33 | 
5bp      10   60 | tune           81201   73%   -2.0 -2.68    -2.7   +0.1 |   -5.7 -6.18  +0.5      -4.8       +14.8 |   72%   -3.0    -0.2    -2.1  +0.2 +0.18 | 
5bp      10   60 | validate       27911   75%   -3.6 -3.30    -4.8   -2.0 |   -7.3 -5.63  -1.1      -6.8       +16.2 |   74%   -4.4    -1.6    -3.3  -0.3 -0.38 | 
5bp      10   60 | tune+validate 109112   73%   -2.4 -3.86    -3.3   -0.5 |   -6.1 -7.99  +0.1      -5.3       +15.1 |   72%   -3.4    -0.5    -2.4  +0.0 -0.01 | 
5bp      10  eod | tune           93684   72%   -1.9 -0.98    -2.7   -0.5 |   -6.2 -2.42  -0.1      -5.5       +13.6 |   71%   -3.1    -0.9    -2.2  +0.3 +0.09 | 
5bp      10  eod | validate       32473   75%   -4.8 -1.44    -6.4   -4.3 |   -9.6 -2.29  -3.6      -9.3       +13.1 |   74%   -5.6    -3.4    -4.1  -0.7 -0.27 | 
5bp      10  eod | tune+validate 126157   73%   -2.7 -1.56    -3.7   -1.5 |   -7.1 -3.23  -1.0      -6.5       +13.5 |   71%   -3.8    -1.6    -2.7  +0.0 -0.06 | 
10bp      2   15 | tune           94829   21%   -0.7 -6.61    -3.5   -0.1 |   -6.1 -20.21  -0.0     -10.3        +2.7 |   20%   -3.8    -0.3    -0.8  +0.0 +0.52 | 
10bp      2   15 | validate       33013   25%   -0.9 -3.68    -3.6   -0.3 |   -6.3 -12.05  -0.4      -9.9        +2.8 |   24%   -3.5    -0.2    -0.9  -0.0 -0.21 | 
10bp      2   15 | tune+validate 127842   22%   -0.8 -7.48    -3.5   -0.1 |   -6.2 -23.57  -0.1     -10.2        +2.7 |   21%   -3.7    -0.3    -0.8  +0.0 +0.27 | 
10bp      2   30 | tune           91752   21%   -0.6 -3.41    -3.0   +0.3 |   -6.0 -12.26  +0.1      -9.8        +2.8 |   20%   -3.6    -0.3    -0.7  +0.1 +0.66 | 
10bp      2   30 | validate       31745   25%   -0.9 -2.64    -3.6   -0.3 |   -6.2 -8.92  -0.2     -10.1        +3.2 |   25%   -4.7    -1.5    -1.1  +0.2 +0.52 | 
10bp      2   30 | tune+validate 123497   22%   -0.7 -4.31    -3.1   +0.1 |   -6.0 -14.95  +0.0      -9.9        +2.9 |   21%   -3.9    -0.6    -0.8  +0.1 +0.84 | 
10bp      2   60 | tune           83163   22%   -0.4 -1.25    -1.9   +1.3 |   -5.7 -6.29  +0.5      -8.6        +3.1 |   21%   -3.5    -0.4    -0.7  +0.3 +0.89 | 
10bp      2   60 | validate       28590   26%   -1.3 -2.09    -5.1   -1.9 |   -7.3 -5.62  -1.2     -11.6        +2.5 |   25%   -4.6    -1.5    -1.1  -0.2 -0.30 | 
10bp      2   60 | tune+validate 111753   23%   -0.6 -2.17    -2.8   +0.3 |   -6.1 -8.10  +0.1      -9.5        +3.0 |   22%   -3.8    -0.7    -0.8  +0.2 +0.59 | 
10bp      2  eod | tune           94829   21%   -0.3 -0.43    -1.7   +0.7 |   -6.2 -2.44  -0.1      -9.3        +2.3 |   20%   -3.4    -1.0    -0.7  +0.3 +0.34 | 
10bp      2  eod | validate       33013   25%   -1.4 -0.83    -5.5   -3.1 |   -9.4 -2.28  -3.5     -13.1        -0.3 |   24%   -4.5    -2.1    -1.1  -0.2 -0.21 | 
10bp      2  eod | tune+validate 127842   22%   -0.6 -0.83    -2.8   -0.4 |   -7.0 -3.24  -1.0     -10.4        +1.6 |   21%   -3.7    -1.4    -0.8  +0.2 +0.17 | 
10bp      5   15 | tune           94829   38%   -1.2 -8.24    -3.3   -0.1 |   -6.1 -20.21  -0.0     -10.4        +6.2 |   36%   -3.5    -0.3    -1.3  +0.0 +0.47 | 
10bp      5   15 | validate       33013   42%   -1.6 -4.82    -3.9   -0.7 |   -6.3 -12.05  -0.4     -10.3        +6.8 |   41%   -3.4    -0.3    -1.4  -0.2 -0.68 | 
10bp      5   15 | tune+validate 127842   39%   -1.3 -9.45    -3.4   -0.2 |   -6.2 -23.57  -0.1     -10.3        +6.3 |   37%   -3.5    -0.3    -1.3  -0.0 -0.06 | 
10bp      5   30 | tune           90932   38%   -1.1 -4.21    -3.0   +0.1 |   -6.0 -12.30  +0.1     -10.0        +6.2 |   36%   -3.4    -0.3    -1.2  +0.1 +0.57 | 
10bp      5   30 | validate       31410   42%   -1.7 -3.72    -3.9   -0.9 |   -6.2 -8.87  -0.1     -10.6        +7.5 |   41%   -4.0    -1.0    -1.6  -0.0 -0.12 | 
10bp      5   30 | tune+validate 122342   39%   -1.3 -5.51    -3.2   -0.1 |   -6.0 -14.96  +0.0     -10.2        +6.5 |   38%   -3.6    -0.5    -1.3  +0.1 +0.43 | 
10bp      5   60 | tune           82392   39%   -0.8 -1.77    -2.2   +0.8 |   -5.7 -6.24  +0.5      -9.1        +6.7 |   38%   -3.0    +0.1    -1.1  +0.3 +0.49 | 
10bp      5   60 | validate       28326   43%   -2.4 -2.92    -5.7   -2.7 |   -7.3 -5.59  -1.2     -12.3        +7.2 |   42%   -5.1    -2.2    -2.1  -0.3 -0.38 | 
10bp      5   60 | tune+validate 110718   40%   -1.3 -2.98    -3.1   -0.1 |   -6.1 -8.04  +0.1     -10.0        +6.8 |   39%   -3.6    -0.5    -1.4  +0.1 +0.23 | 
10bp      5  eod | tune           94829   38%   -0.7 -0.60    -2.0   +0.3 |   -6.2 -2.44  -0.1      -9.7        +5.6 |   36%   -2.9    -0.6    -1.1  +0.3 +0.20 | 
10bp      5  eod | validate       33013   42%   -2.6 -1.15    -6.3   -4.0 |   -9.4 -2.28  -3.5     -14.0        +4.0 |   41%   -4.3    -2.0    -1.8  -0.8 -0.40 | 
10bp      5  eod | tune+validate 127842   39%   -1.2 -1.11    -3.2   -0.9 |   -7.0 -3.24  -1.0     -10.9        +5.2 |   37%   -3.3    -1.0    -1.2  +0.0 -0.04 | 
10bp     10   15 | tune           93684   51%   -1.6 -8.94    -3.2   -0.1 |   -6.1 -20.15  -0.0     -10.3       +10.6 |   49%   -3.6    -0.4    -1.8  +0.2 +1.00 | 
10bp     10   15 | validate       32473   55%   -2.0 -5.09    -3.7   -0.6 |   -6.4 -12.13  -0.4     -10.4       +11.9 |   54%   -3.6    -0.5    -1.9  -0.1 -0.40 | 
10bp     10   15 | tune+validate 126157   52%   -1.7 -10.18    -3.3   -0.2 |   -6.2 -23.55  -0.1     -10.3       +10.9 |   51%   -3.6    -0.5    -1.8  +0.1 +0.57 | 
10bp     10   30 | tune           89536   51%   -1.5 -4.60    -2.9   +0.1 |   -6.0 -12.19  +0.1     -10.0       +10.7 |   50%   -3.4    -0.3    -1.7  +0.2 +0.58 | 
10bp     10   30 | validate       30889   56%   -2.0 -3.80    -3.5   -0.5 |   -6.1 -8.87  -0.1     -10.4       +12.7 |   54%   -4.2    -1.2    -2.3  +0.3 +0.43 | 
10bp     10   30 | tune+validate 120425   52%   -1.6 -5.87    -3.1   -0.1 |   -6.0 -14.85  +0.1     -10.1       +11.2 |   51%   -3.6    -0.5    -1.8  +0.2 +0.72 | 
10bp     10   60 | tune           81201   52%   -1.3 -2.21    -2.5   +0.5 |   -5.7 -6.18  +0.5      -9.4       +11.3 |   51%   -3.2    -0.2    -1.6  +0.3 +0.45 | 
10bp     10   60 | validate       27911   56%   -3.0 -3.08    -5.3   -2.4 |   -7.3 -5.63  -1.1     -11.8       +12.7 |   55%   -4.0    -1.1    -2.2  -0.8 -0.83 | 
10bp     10   60 | tune+validate 109112   53%   -1.7 -3.41    -3.2   -0.3 |   -6.1 -7.99  +0.1     -10.1       +11.7 |   52%   -3.4    -0.5    -1.8  +0.1 -0.01 | 
10bp     10  eod | tune           93684   51%   -1.2 -0.78    -2.4   -0.1 |   -6.2 -2.42  -0.1     -10.1       +10.1 |   50%   -2.8    -0.5    -1.4  +0.2 +0.08 | 
10bp     10  eod | validate       32473   55%   -3.5 -1.28    -6.3   -4.1 |   -9.6 -2.29  -3.6     -14.1        +9.4 |   54%   -4.3    -2.1    -2.3  -1.1 -0.47 | 
10bp     10  eod | tune+validate 126157   52%   -1.8 -1.33    -3.5   -1.2 |   -7.1 -3.23  -1.0     -11.2       +10.0 |   51%   -3.2    -0.9    -1.6  -0.2 -0.18 | 
20bp      2   15 | tune           94829    6%   -0.2 -3.35    -3.5   +0.3 |   -6.1 -20.21  -0.0     -20.2        +1.2 |    6%   -3.2    +0.5    -0.2  -0.0 -0.22 | 
20bp      2   15 | validate       33013    8%   -0.2 -1.23    -2.4   +1.4 |   -6.3 -12.05  -0.4     -18.2        +1.2 |    8%   -4.0    -0.4    -0.3  +0.1 +0.53 | 
20bp      2   15 | tune+validate 127842    6%   -0.2 -3.27    -3.1   +0.6 |   -6.2 -23.57  -0.1     -19.5        +1.2 |    6%   -3.5    +0.2    -0.2  +0.0 +0.20 | 
20bp      2   30 | tune           91752    6%   -0.1 -0.99    -1.5   +2.0 |   -6.0 -12.26  +0.1     -18.0        +1.2 |    6%   -3.3    +0.3    -0.2  +0.1 +1.06 | 
20bp      2   30 | validate       31745    8%   -0.2 -1.07    -2.7   +0.9 |   -6.2 -8.92  -0.2     -18.5        +1.5 |    8%   -3.4    +0.1    -0.3  +0.1 +0.20 | 
20bp      2   30 | tune+validate 123497    6%   -0.1 -1.45    -1.9   +1.6 |   -6.0 -14.95  +0.0     -18.2        +1.3 |    6%   -3.3    +0.2    -0.2  +0.1 +0.96 | 
20bp      2   60 | tune           83163    6%   +0.1 +0.71    +1.9   +5.2 |   -5.7 -6.29  +0.5     -14.6        +1.5 |    6%   -2.7    +0.7    -0.2  +0.3 +1.59 | 
20bp      2   60 | validate       28590    9%   -0.4 -0.94    -4.2   -0.8 |   -7.3 -5.62  -1.2     -20.3        +0.6 |    8%   -5.2    -1.9    -0.4  +0.1 +0.13 | 
20bp      2   60 | tune+validate 111753    7%   -0.0 -0.11    -0.1   +3.2 |   -6.1 -8.10  +0.1     -16.5        +1.3 |    6%   -3.5    -0.2    -0.2  +0.2 +1.28 | 
20bp      2  eod | tune           94829    6%   +0.2 +0.45    +3.2   +5.8 |   -6.2 -2.44  -0.1     -14.2        +0.7 |    5%   -2.8    -0.2    -0.2  +0.3 +0.85 | 
20bp      2  eod | validate       33013    8%   -0.2 -0.29    -2.2   +0.3 |   -9.4 -2.28  -3.5     -19.7        -2.1 |    8%   -2.0    +0.5    -0.2  -0.0 -0.09 | 
20bp      2  eod | tune+validate 127842    6%   +0.1 +0.17    +1.4   +4.0 |   -7.0 -3.24  -1.0     -16.0        -0.0 |    6%   -2.5    +0.0    -0.2  +0.2 +0.60 | 
20bp      5   15 | tune           94829   14%   -0.4 -4.89    -3.0   +0.5 |   -6.1 -20.21  -0.0     -19.9        +3.3 |   14%   -3.1    +0.5    -0.4  -0.0 -0.09 | 
20bp      5   15 | validate       33013   18%   -0.7 -2.63    -3.7   -0.2 |   -6.3 -12.05  -0.4     -19.6        +3.9 |   18%   -3.6    -0.2    -0.6  -0.0 -0.23 | 
20bp      5   15 | tune+validate 127842   15%   -0.5 -5.32    -3.2   +0.3 |   -6.2 -23.57  -0.1     -19.8        +3.5 |   15%   -3.2    +0.2    -0.5  -0.0 -0.23 | 
20bp      5   30 | tune           90932   15%   -0.3 -2.04    -2.1   +1.3 |   -6.0 -12.30  +0.1     -18.9        +3.4 |   14%   -3.4    -0.1    -0.5  +0.2 +1.06 | 
20bp      5   30 | validate       31410   19%   -0.7 -2.08    -3.6   -0.2 |   -6.2 -8.87  -0.1     -19.8        +4.3 |   18%   -4.4    -1.1    -0.8  +0.1 +0.19 | 
20bp      5   30 | tune+validate 122342   16%   -0.4 -2.88    -2.5   +0.8 |   -6.0 -14.96  +0.0     -19.2        +3.6 |   15%   -3.7    -0.4    -0.6  +0.2 +0.94 | 
20bp      5   60 | tune           82392   15%   -0.1 -0.58    -0.8   +2.4 |   -5.7 -6.24  +0.5     -17.4        +3.8 |   15%   -2.8    +0.4    -0.4  +0.3 +0.91 | 
20bp      5   60 | validate       28326   19%   -1.2 -2.06    -6.4   -3.1 |   -7.3 -5.59  -1.2     -22.5        +3.9 |   18%   -4.6    -1.4    -0.8  -0.4 -0.68 | 
20bp      5   60 | tune+validate 110718   16%   -0.4 -1.70    -2.5   +0.7 |   -6.1 -8.04  +0.1     -18.9        +3.8 |   16%   -3.3    -0.1    -0.5  +0.1 +0.28 | 
20bp      5  eod | tune           94829   14%   +0.1 +0.01    +0.5   +2.9 |   -6.2 -2.44  -0.1     -17.1        +2.7 |   14%   -2.4    +0.0    -0.3  +0.4 +0.49 | 
20bp      5  eod | validate       33013   18%   -1.1 -0.85    -6.0   -3.6 |   -9.4 -2.28  -3.5     -23.6        +1.0 |   18%   -1.5    +0.9    -0.3  -0.8 -0.66 | 
20bp      5  eod | tune+validate 127842   15%   -0.2 -0.47    -1.5   +0.9 |   -7.0 -3.24  -1.0     -19.1        +2.3 |   15%   -2.1    +0.3    -0.3  +0.1 +0.03 | 
20bp     10   15 | tune           93684   25%   -0.7 -6.10    -3.0   +0.4 |   -6.1 -20.15  -0.0     -20.1        +6.6 |   24%   -3.5    -0.1    -0.8  +0.1 +0.72 | 
20bp     10   15 | validate       32473   29%   -1.2 -3.65    -4.0   -0.6 |   -6.4 -12.13  -0.4     -20.4        +7.9 |   29%   -3.4    -0.2    -1.0  -0.2 -0.64 | 
20bp     10   15 | tune+validate 126157   26%   -0.8 -6.96    -3.3   +0.1 |   -6.2 -23.55  -0.1     -20.2        +6.9 |   25%   -3.5    -0.1    -0.9  +0.0 +0.08 | 
20bp     10   30 | tune           89536   25%   -0.5 -2.62    -2.2   +1.0 |   -6.0 -12.19  +0.1     -19.2        +6.7 |   25%   -3.2    +0.0    -0.8  +0.2 +0.96 | 
20bp     10   30 | validate       30889   30%   -1.1 -2.81    -3.6   -0.4 |   -6.1 -8.87  -0.1     -20.0        +8.3 |   29%   -4.2    -1.1    -1.2  +0.1 +0.22 | 
20bp     10   30 | tune+validate 120425   26%   -0.7 -3.70    -2.6   +0.6 |   -6.0 -14.85  +0.1     -19.4        +7.1 |   26%   -3.5    -0.3    -0.9  +0.2 +0.93 | 
20bp     10   60 | tune           81201   26%   -0.3 -1.01    -1.3   +1.8 |   -5.7 -6.18  +0.5     -18.1        +7.1 |   25%   -2.4    +0.8    -0.6  +0.3 +0.45 | 
20bp     10   60 | validate       27911   31%   -1.9 -2.46    -6.1   -3.0 |   -7.3 -5.63  -1.1     -22.1        +8.1 |   30%   -4.3    -1.2    -1.3  -0.6 -0.80 | 
20bp     10   60 | tune+validate 109112   27%   -0.7 -2.18    -2.7   +0.4 |   -6.1 -7.99  +0.1     -19.3        +7.4 |   27%   -2.9    +0.2    -0.8  +0.0 -0.06 | 
20bp     10  eod | tune           93684   25%   -0.2 -0.24    -0.6   +1.8 |   -6.2 -2.42  -0.1     -18.2        +5.8 |   24%   -3.4    -1.0    -0.8  +0.7 +0.58 | 
20bp     10  eod | validate       32473   29%   -1.7 -0.98    -5.9   -3.5 |   -9.6 -2.29  -3.6     -23.5        +4.6 |   29%   -2.6    -0.2    -0.7  -1.0 -0.58 | 
20bp     10  eod | tune+validate 126157   26%   -0.6 -0.73    -2.1   +0.2 |   -7.1 -3.23  -1.0     -19.8        +5.6 |   25%   -3.1    -0.8    -0.8  +0.3 +0.16 | 
40bp      2   15 | tune           94829    1%   -0.1 -2.13    -7.0   -2.9 |   -6.1 -20.21  -0.0     -43.3        +0.3 |    1%   -5.2    -1.1    -0.0  -0.0 -0.32 | 
40bp      2   15 | validate       33013    1%   -0.0 -0.11    -0.1   +3.9 |   -6.3 -12.05  -0.4     -36.2        +0.2 |    1%   -2.9    +1.0    -0.0  +0.0 +0.34 | 
40bp      2   15 | tune+validate 127842    1%   -0.0 -1.40    -4.2   -0.1 |   -6.2 -23.57  -0.1     -40.4        +0.3 |    1%   -4.3    -0.3    -0.0  +0.0 +0.06 | 
40bp      2   30 | tune           91752    1%   -0.0 -0.49    -1.9   +1.9 |   -6.0 -12.26  +0.1     -38.0        +0.4 |    1%   -3.1    +0.8    -0.0  +0.0 +0.28 | 
40bp      2   30 | validate       31745    1%   +0.0 +0.32    +2.6   +6.4 |   -6.2 -8.92  -0.2     -33.0        +0.3 |    2%   -1.2    +2.3    -0.0  +0.1 +0.53 | 
40bp      2   30 | tune+validate 123497    1%   -0.0 -0.08    -0.0   +3.7 |   -6.0 -14.95  +0.0     -36.0        +0.4 |    1%   -2.3    +1.4    -0.0  +0.0 +0.59 | 
40bp      2   60 | tune           83163    1%   +0.1 +1.03    +7.3  +10.7 |   -5.7 -6.29  +0.5     -29.6        +0.8 |    1%   -6.8    -3.5    -0.1  +0.1 +2.10 | 
40bp      2   60 | validate       28590    2%   -0.0 -0.13    -1.4   +2.1 |   -7.3 -5.62  -1.2     -37.4        -0.6 |    2%   -3.7    -0.3    -0.1  +0.0 +0.19 | 
40bp      2   60 | tune+validate 111753    1%   +0.0 +0.57    +3.7   +7.2 |   -6.1 -8.10  +0.1     -32.8        +0.4 |    1%   -5.6    -2.2    -0.1  +0.1 +1.48 | 
40bp      2  eod | tune           94829    1%   +0.1 +1.21   +16.9  +19.5 |   -6.2 -2.44  -0.1     -20.6        +0.0 |    1%   +0.5    +3.0    +0.0  +0.1 +1.13 | 
40bp      2  eod | validate       33013    1%   +0.0 +0.04    +1.7   +4.3 |   -9.4 -2.28  -3.5     -35.7        -3.0 |    1%   +3.6    +6.2    +0.1  -0.0 -0.10 | 
40bp      2  eod | tune+validate 127842    1%   +0.1 +0.88   +10.7  +13.3 |   -7.0 -3.24  -1.0     -26.8        -0.8 |    1%   +1.7    +4.3    +0.0  +0.1 +0.75 | 
40bp      5   15 | tune           94829    3%   -0.1 -2.06    -3.0   +1.0 |   -6.1 -20.21  -0.0     -40.0        +1.2 |    3%   -3.7    +0.2    -0.1  +0.0 +0.53 | 
40bp      5   15 | validate       33013    5%   -0.1 -0.95    -2.8   +1.0 |   -6.3 -12.05  -0.4     -38.3        +1.5 |    4%   -2.5    +1.2    -0.1  -0.0 -0.16 | 
40bp      5   15 | tune+validate 127842    3%   -0.1 -2.08    -2.9   +1.0 |   -6.2 -23.57  -0.1     -39.4        +1.3 |    3%   -3.3    +0.5    -0.1  +0.0 +0.21 | 
40bp      5   30 | tune           90932    3%   -0.0 -0.17    -0.2   +3.4 |   -6.0 -12.30  +0.1     -36.6        +1.3 |    3%   -2.5    +1.2    -0.1  +0.1 +0.98 | 
40bp      5   30 | validate       31410    5%   -0.1 -0.71    -2.5   +1.0 |   -6.2 -8.87  -0.1     -38.1        +1.7 |    5%   -0.8    +2.7    -0.0  -0.1 -0.45 | 
40bp      5   30 | tune+validate 122342    3%   -0.0 -0.62    -1.0   +2.6 |   -6.0 -14.96  +0.0     -37.1        +1.4 |    3%   -1.9    +1.7    -0.1  +0.0 +0.37 | 
40bp      5   60 | tune           82392    3%   +0.1 +1.08    +3.7   +7.1 |   -5.7 -6.24  +0.5     -32.4        +1.6 |    3%   -4.2    -1.0    -0.1  +0.3 +2.23 | 
40bp      5   60 | validate       28326    5%   -0.4 -1.23    -7.9   -4.6 |   -7.3 -5.59  -1.2     -42.6        +1.0 |    5%   -4.0    -0.7    -0.2  -0.2 -0.62 | 
40bp      5   60 | tune+validate 110718    4%   -0.0 -0.21    -0.3   +3.1 |   -6.1 -8.04  +0.1     -35.9        +1.5 |    4%   -4.2    -0.9    -0.2  +0.1 +1.03 | 
40bp      5  eod | tune           94829    3%   +0.2 +0.68    +6.7   +9.3 |   -6.2 -2.44  -0.1     -30.7        +0.8 |    3%   -0.5    +2.0    -0.0  +0.2 +0.71 | 
40bp      5  eod | validate       33013    5%   -0.1 -0.27    -2.7   -0.1 |   -9.4 -2.28  -3.5     -40.1        -1.7 |    5%   +3.8    +6.3    +0.2  -0.3 -0.52 | 
40bp      5  eod | tune+validate 127842    3%   +0.1 +0.37    +3.4   +6.0 |   -7.0 -3.24  -1.0     -34.0        +0.2 |    3%   +1.0    +3.5    +0.0  +0.1 +0.22 | 
40bp     10   15 | tune           93684    7%   -0.2 -2.44    -2.3   +1.4 |   -6.1 -20.15  -0.0     -39.5        +2.9 |    7%   -3.2    +0.4    -0.2  +0.1 +0.72 | 
40bp     10   15 | validate       32473    9%   -0.4 -1.76    -3.9   -0.3 |   -6.4 -12.13  -0.4     -39.6        +3.7 |   10%   -2.8    +0.7    -0.3  -0.1 -0.52 | 
40bp     10   15 | tune+validate 126157    8%   -0.2 -2.94    -2.8   +0.9 |   -6.2 -23.55  -0.1     -39.5        +3.1 |    8%   -3.1    +0.5    -0.2  +0.0 +0.09 | 
40bp     10   30 | tune           89536    7%   +0.0 -0.13    +0.0   +3.5 |   -6.0 -12.19  +0.1     -36.8        +2.9 |    7%   -2.6    +0.9    -0.2  +0.2 +1.44 | 
40bp     10   30 | validate       30889   10%   -0.3 -1.19    -2.8   +0.6 |   -6.1 -8.87  -0.1     -39.1        +4.1 |   10%   -2.7    +0.6    -0.3  +0.0 -0.08 | 
40bp     10   30 | tune+validate 120425    8%   -0.1 -0.83    -0.9   +2.6 |   -6.0 -14.85  +0.1     -37.6        +3.2 |    8%   -2.6    +0.8    -0.2  +0.1 +1.12 | 
40bp     10   60 | tune           81201    7%   +0.1 +0.39    +1.3   +4.6 |   -5.7 -6.18  +0.5     -34.9        +3.4 |    7%   -3.9    -0.6    -0.3  +0.4 +1.80 | 
40bp     10   60 | validate       27911   10%   -0.9 -1.87    -9.1   -5.8 |   -7.3 -5.63  -1.1     -43.3        +3.6 |   10%   -5.2    -2.0    -0.5  -0.4 -0.81 | 
40bp     10   60 | tune+validate 109112    8%   -0.2 -0.96    -2.0   +1.3 |   -6.1 -7.99  +0.1     -37.6        +3.4 |    8%   -4.3    -1.0    -0.4  +0.2 +0.77 | 
40bp     10  eod | tune           93684    7%   +0.3 +0.56    +4.2   +6.7 |   -6.2 -2.42  -0.1     -33.3        +2.3 |    7%   -2.2    +0.4    -0.1  +0.4 +0.89 | 
40bp     10  eod | validate       32473    9%   -0.3 -0.45    -3.7   -1.2 |   -9.6 -2.29  -3.6     -41.2        +0.3 |   10%   -4.2    -1.8    -0.4  +0.1 -0.05 | 
40bp     10  eod | tune+validate 126157    8%   +0.1 +0.16    +1.6   +4.2 |   -7.1 -3.23  -1.0     -35.9        +1.8 |    8%   -2.8    -0.3    -0.2  +0.3 +0.67 | 
0.25ATR   2   15 | tune           94763   46%   -1.4 -10.52    -3.1   -0.3 |   -6.1 -20.15  -0.0      -6.2        +5.1 |   45%   -3.3    -0.4    -1.5  +0.0 +0.52 | 
0.25ATR   2   15 | validate       33013   46%   -1.5 -6.04    -3.3   -0.5 |   -6.3 -12.05  -0.4      -7.1        +5.4 |   44%   -3.0    -0.2    -1.3  -0.2 -0.78 | 
0.25ATR   2   15 | tune+validate 127776   46%   -1.4 -12.14    -3.2   -0.3 |   -6.1 -23.52  -0.1      -6.4        +5.2 |   45%   -3.2    -0.4    -1.4  -0.0 +0.04 | 
0.25ATR   2   30 | tune           91686   45%   -1.3 -5.50    -2.8   -0.1 |   -6.0 -12.22  +0.1      -6.0        +5.2 |   45%   -3.1    -0.4    -1.4  +0.1 +0.68 | 
0.25ATR   2   30 | validate       31745   46%   -1.5 -4.58    -3.3   -0.6 |   -6.2 -8.92  -0.2      -7.2        +5.9 |   44%   -3.7    -1.0    -1.7  +0.1 +0.29 | 
0.25ATR   2   30 | tune+validate 123431   45%   -1.3 -6.97    -2.9   -0.2 |   -6.0 -14.91  +0.0      -6.3        +5.3 |   44%   -3.3    -0.5    -1.5  +0.1 +0.74 | 
0.25ATR   2   60 | tune           83097   45%   -1.1 -2.74    -2.5   +0.2 |   -5.7 -6.26  +0.5      -5.9        +5.8 |   44%   -3.0    -0.3    -1.3  +0.2 +0.52 | 
0.25ATR   2   60 | validate       28590   45%   -1.9 -2.99    -4.2   -1.5 |   -7.3 -5.62  -1.2      -8.5        +4.8 |   44%   -3.8    -1.2    -1.7  -0.2 -0.36 | 
0.25ATR   2   60 | tune+validate 111687   45%   -1.3 -3.81    -2.9   -0.3 |   -6.1 -8.08  +0.1      -6.5        +5.5 |   44%   -3.2    -0.6    -1.4  +0.1 +0.29 | 
0.25ATR   2  eod | tune           94763   46%   -1.1 -0.98    -2.4   -0.3 |   -6.2 -2.43  -0.1      -6.1        +4.9 |   45%   -2.8    -0.8    -1.3  +0.2 +0.16 | 
0.25ATR   2  eod | validate       33013   46%   -2.5 -1.37    -5.5   -3.5 |   -9.4 -2.28  -3.5     -10.2        +2.3 |   45%   -4.1    -2.1    -1.8  -0.7 -0.44 | 
0.25ATR   2  eod | tune+validate 127776   46%   -1.5 -1.53    -3.2   -1.2 |   -7.0 -3.24  -1.0      -7.2        +4.2 |   45%   -3.2    -1.1    -1.4  -0.0 -0.08 | 
0.25ATR   5   15 | tune           94763   63%   -2.0 -10.85    -3.1   -0.3 |   -6.1 -20.15  -0.0      -6.3       +10.9 |   63%   -3.2    -0.4    -2.0  +0.1 +0.43 | 
0.25ATR   5   15 | validate       33013   64%   -2.3 -6.69    -3.6   -0.8 |   -6.3 -12.05  -0.4      -7.4       +12.3 |   63%   -3.2    -0.5    -2.0  -0.3 -0.81 | 
0.25ATR   5   15 | tune+validate 127776   64%   -2.1 -12.75    -3.2   -0.4 |   -6.1 -23.52  -0.1      -6.6       +11.2 |   63%   -3.2    -0.4    -2.0  -0.0 -0.10 | 
0.25ATR   5   30 | tune           90866   63%   -1.8 -5.73    -2.9   -0.1 |   -6.0 -12.25  +0.1      -6.2       +11.0 |   62%   -3.2    -0.4    -2.0  +0.2 +0.69 | 
0.25ATR   5   30 | validate       31410   64%   -2.3 -5.37    -3.6   -0.9 |   -6.2 -8.87  -0.1      -7.6       +13.2 |   62%   -4.0    -1.3    -2.5  +0.2 +0.33 | 
0.25ATR   5   30 | tune+validate 122276   63%   -1.9 -7.47    -3.1   -0.3 |   -6.0 -14.92  +0.0      -6.6       +11.5 |   62%   -3.4    -0.6    -2.1  +0.2 +0.76 | 
0.25ATR   5   60 | tune           82326   63%   -1.6 -2.86    -2.6   +0.1 |   -5.6 -6.21  +0.6      -6.0       +11.7 |   62%   -3.2    -0.5    -2.0  +0.4 +0.54 | 
0.25ATR   5   60 | validate       28326   63%   -3.1 -3.60    -4.9   -2.2 |   -7.3 -5.59  -1.2      -9.2       +12.6 |   62%   -4.2    -1.5    -2.6  -0.5 -0.60 | 
0.25ATR   5   60 | tune+validate 110652   63%   -2.0 -4.16    -3.2   -0.5 |   -6.1 -8.02  +0.1      -6.8       +12.0 |   62%   -3.5    -0.8    -2.2  +0.2 +0.21 | 
0.25ATR   5  eod | tune           94763   63%   -1.6 -1.05    -2.6   -0.5 |   -6.2 -2.43  -0.1      -6.4       +10.8 |   63%   -3.1    -1.0    -1.9  +0.3 +0.12 | 
0.25ATR   5  eod | validate       33013   64%   -4.1 -1.54    -6.3   -4.3 |   -9.4 -2.28  -3.5     -11.1       +10.2 |   63%   -5.7    -3.6    -3.6  -0.5 -0.22 | 
0.25ATR   5  eod | tune+validate 127776   64%   -2.3 -1.67    -3.6   -1.5 |   -7.0 -3.24  -1.0      -7.6       +10.6 |   63%   -3.8    -1.7    -2.4  +0.1 -0.00 | 
0.25ATR  10   15 | tune           93618   74%   -2.3 -10.93    -3.1   -0.3 |   -6.1 -20.09  -0.0      -6.4       +17.7 |   73%   -3.3    -0.5    -2.4  +0.1 +0.74 | 
0.25ATR  10   15 | validate       32473   74%   -2.7 -6.29    -3.6   -0.8 |   -6.4 -12.13  -0.4      -7.5       +20.2 |   73%   -3.3    -0.5    -2.4  -0.3 -0.80 | 
0.25ATR  10   15 | tune+validate 126091   74%   -2.4 -12.57    -3.2   -0.4 |   -6.2 -23.50  -0.1      -6.7       +18.3 |   73%   -3.3    -0.5    -2.4  +0.0 +0.16 | 
0.25ATR  10   30 | tune           89470   73%   -2.1 -5.59    -2.8   -0.1 |   -6.0 -12.14  +0.1      -6.2       +17.6 |   73%   -3.2    -0.4    -2.3  +0.2 +0.69 | 
0.25ATR  10   30 | validate       30889   74%   -2.6 -5.05    -3.5   -0.8 |   -6.1 -8.87  -0.1      -7.6       +21.4 |   73%   -3.6    -0.9    -2.6  +0.1 +0.00 | 
0.25ATR  10   30 | tune+validate 120359   74%   -2.2 -7.22    -3.0   -0.2 |   -6.0 -14.80  +0.1      -6.6       +18.6 |   73%   -3.3    -0.5    -2.4  +0.2 +0.62 | 
0.25ATR  10   60 | tune           81135   73%   -1.9 -2.89    -2.6   +0.1 |   -5.7 -6.16  +0.5      -6.1       +18.7 |   72%   -3.4    -0.7    -2.5  +0.6 +0.74 | 
0.25ATR  10   60 | validate       27911   74%   -3.6 -3.64    -4.9   -2.3 |   -7.3 -5.63  -1.1      -9.2       +21.3 |   72%   -4.7    -2.0    -3.4  -0.3 -0.32 | 
0.25ATR  10   60 | tune+validate 109046   73%   -2.4 -4.20    -3.2   -0.5 |   -6.1 -7.97  +0.1      -6.9       +19.4 |   72%   -3.7    -1.0    -2.7  +0.3 +0.51 | 
0.25ATR  10  eod | tune           93618   74%   -1.9 -1.07    -2.6   -0.6 |   -6.2 -2.41  -0.1      -6.5       +17.7 |   73%   -2.9    -0.8    -2.1  +0.2 +0.03 | 
0.25ATR  10  eod | validate       32473   74%   -4.8 -1.59    -6.5   -4.4 |   -9.6 -2.29  -3.6     -11.3       +18.8 |   73%   -5.3    -3.3    -3.9  -0.9 -0.35 | 
0.25ATR  10  eod | tune+validate 126091   74%   -2.7 -1.71    -3.6   -1.6 |   -7.1 -3.23  -1.0      -7.8       +17.9 |   73%   -3.5    -1.4    -2.6  -0.1 -0.14 | 
0.5ATR    2   15 | tune           94763   17%   -0.6 -9.06    -3.2   -0.4 |   -6.1 -20.15  -0.0     -11.3        +2.3 |   17%   -3.3    -0.4    -0.6  +0.0 +0.41 | 
0.5ATR    2   15 | validate       33013   17%   -0.5 -4.38    -3.0   -0.2 |   -6.3 -12.05  -0.4     -12.7        +2.2 |   17%   -2.6    +0.2    -0.4  -0.1 -0.71 | 
0.5ATR    2   15 | tune+validate 127776   17%   -0.5 -10.00    -3.2   -0.3 |   -6.1 -23.52  -0.1     -11.7        +2.3 |   17%   -3.2    -0.3    -0.5  -0.0 -0.08 | 
0.5ATR    2   30 | tune           91686   17%   -0.5 -4.95    -2.7   +0.1 |   -6.0 -12.22  +0.1     -11.0        +2.4 |   17%   -3.0    -0.1    -0.5  +0.0 +0.34 | 
0.5ATR    2   30 | validate       31745   17%   -0.5 -3.37    -2.8   +0.0 |   -6.2 -8.92  -0.2     -12.7        +2.4 |   17%   -3.0    -0.2    -0.5  +0.0 +0.07 | 
0.5ATR    2   30 | tune+validate 123431   17%   -0.5 -5.96    -2.8   +0.0 |   -6.0 -14.91  +0.0     -11.4        +2.4 |   17%   -3.0    -0.2    -0.5  +0.0 +0.34 | 
0.5ATR    2   60 | tune           83097   17%   -0.3 -2.20    -2.1   +0.6 |   -5.7 -6.26  +0.5     -10.8        +2.8 |   17%   -3.7    -1.0    -0.6  +0.3 +1.47 | 
0.5ATR    2   60 | validate       28590   16%   -0.6 -2.17    -3.8   -1.1 |   -7.3 -5.62  -1.2     -14.3        +1.4 |   16%   -2.9    -0.3    -0.5  -0.1 -0.51 | 
0.5ATR    2   60 | tune+validate 111687   17%   -0.4 -3.00    -2.5   +0.2 |   -6.1 -8.08  +0.1     -11.7        +2.4 |   16%   -3.5    -0.8    -0.6  +0.2 +0.99 | 
0.5ATR    2  eod | tune           94763   17%   -0.3 -0.84    -1.9   +0.1 |   -6.2 -2.43  -0.1     -10.7        +2.1 |   17%   -3.1    -1.0    -0.5  +0.2 +0.43 | 
0.5ATR    2  eod | validate       33013   17%   -1.2 -1.65    -7.0   -4.9 |   -9.4 -2.28  -3.5     -17.6        -0.5 |   17%   -5.3    -3.2    -0.9  -0.3 -0.46 | 
0.5ATR    2  eod | tune+validate 127776   17%   -0.6 -1.57    -3.3   -1.2 |   -7.0 -3.24  -1.0     -12.5        +1.4 |   17%   -3.7    -1.5    -0.6  +0.1 +0.13 | 
0.5ATR    5   15 | tune           94763   37%   -1.1 -9.71    -3.0   -0.2 |   -6.1 -20.15  -0.0     -11.7        +6.7 |   36%   -3.1    -0.2    -1.1  +0.0 +0.19 | 
0.5ATR    5   15 | validate       33013   37%   -1.2 -5.75    -3.2   -0.4 |   -6.3 -12.05  -0.4     -13.3        +7.2 |   36%   -3.0    -0.2    -1.1  -0.1 -0.45 | 
0.5ATR    5   15 | tune+validate 127776   37%   -1.1 -11.30    -3.0   -0.2 |   -6.1 -23.52  -0.1     -12.1        +6.8 |   36%   -3.0    -0.2    -1.1  -0.0 -0.08 | 
0.5ATR    5   30 | tune           90866   36%   -1.0 -5.19    -2.7   +0.0 |   -6.0 -12.25  +0.1     -11.5        +6.7 |   36%   -3.0    -0.2    -1.1  +0.1 +0.41 | 
0.5ATR    5   30 | validate       31410   37%   -1.1 -4.65    -3.1   -0.3 |   -6.2 -8.87  -0.1     -13.4        +7.5 |   36%   -3.6    -0.9    -1.3  +0.2 +0.47 | 
0.5ATR    5   30 | tune+validate 122276   36%   -1.0 -6.62    -2.8   -0.1 |   -6.0 -14.92  +0.0     -12.0        +6.9 |   36%   -3.1    -0.4    -1.1  +0.1 +0.57 | 
0.5ATR    5   60 | tune           82326   36%   -0.8 -2.51    -2.3   +0.4 |   -5.6 -6.21  +0.6     -11.4        +7.3 |   36%   -3.1    -0.4    -1.1  +0.3 +0.70 | 
0.5ATR    5   60 | validate       28326   36%   -1.6 -3.28    -4.5   -1.8 |   -7.3 -5.59  -1.2     -15.1        +6.6 |   35%   -4.1    -1.4    -1.4  -0.2 -0.43 | 
0.5ATR    5   60 | tune+validate 110652   36%   -1.0 -3.68    -2.9   -0.2 |   -6.1 -8.02  +0.1     -12.3        +7.1 |   36%   -3.4    -0.7    -1.2  +0.2 +0.45 | 
0.5ATR    5  eod | tune           94763   37%   -0.7 -0.84    -2.0   +0.1 |   -6.2 -2.43  -0.1     -11.2        +6.3 |   36%   -2.6    -0.5    -0.9  +0.2 +0.16 | 
0.5ATR    5  eod | validate       33013   37%   -2.3 -1.57    -6.2   -4.1 |   -9.4 -2.28  -3.5     -17.1        +4.6 |   37%   -4.9    -2.8    -1.8  -0.5 -0.42 | 
0.5ATR    5  eod | tune+validate 127776   37%   -1.1 -1.49    -3.1   -1.0 |   -7.0 -3.24  -1.0     -12.8        +5.8 |   37%   -3.2    -1.1    -1.2  +0.0 -0.07 | 
0.5ATR   10   15 | tune           93618   52%   -1.5 -9.67    -2.9   -0.1 |   -6.1 -20.09  -0.0     -11.9       +12.6 |   51%   -3.1    -0.3    -1.6  +0.1 +0.65 | 
0.5ATR   10   15 | validate       32473   53%   -1.7 -5.88    -3.3   -0.5 |   -6.4 -12.13  -0.4     -13.7       +14.3 |   51%   -3.0    -0.2    -1.5  -0.2 -0.86 | 
0.5ATR   10   15 | tune+validate 126091   52%   -1.6 -11.32    -3.0   -0.2 |   -6.2 -23.50  -0.1     -12.4       +13.1 |   51%   -3.1    -0.2    -1.6  +0.0 +0.07 | 
0.5ATR   10   30 | tune           89470   51%   -1.3 -4.81    -2.5   +0.2 |   -6.0 -12.14  +0.1     -11.6       +12.5 |   51%   -3.0    -0.2    -1.5  +0.3 +0.93 | 
0.5ATR   10   30 | validate       30889   52%   -1.6 -4.67    -3.2   -0.4 |   -6.1 -8.87  -0.1     -13.9       +14.9 |   51%   -3.7    -1.0    -1.9  +0.2 +0.51 | 
0.5ATR   10   30 | tune+validate 120359   51%   -1.4 -6.30    -2.7   +0.1 |   -6.0 -14.80  +0.1     -12.2       +13.1 |   51%   -3.2    -0.4    -1.6  +0.3 +1.06 | 
0.5ATR   10   60 | tune           81135   51%   -1.2 -2.58    -2.4   +0.3 |   -5.7 -6.16  +0.5     -11.7       +13.3 |   51%   -3.1    -0.4    -1.6  +0.4 +0.59 | 
0.5ATR   10   60 | validate       27911   51%   -2.6 -3.50    -5.0   -2.3 |   -7.3 -5.63  -1.1     -15.9       +14.3 |   50%   -4.2    -1.6    -2.1  -0.4 -0.67 | 
0.5ATR   10   60 | tune+validate 109046   51%   -1.6 -3.88    -3.1   -0.4 |   -6.1 -7.97  +0.1     -12.8       +13.5 |   50%   -3.4    -0.7    -1.7  +0.2 +0.24 | 
0.5ATR   10  eod | tune           93618   52%   -1.1 -0.91    -2.2   -0.1 |   -6.2 -2.41  -0.1     -11.7       +12.2 |   51%   -3.2    -1.1    -1.6  +0.5 +0.30 | 
0.5ATR   10  eod | validate       32473   53%   -3.2 -1.50    -6.0   -3.9 |   -9.6 -2.29  -3.6     -17.3       +11.5 |   51%   -5.2    -3.2    -2.7  -0.5 -0.30 | 
0.5ATR   10  eod | tune+validate 126091   52%   -1.7 -1.52    -3.2   -1.1 |   -7.1 -3.23  -1.0     -13.1       +12.0 |   51%   -3.7    -1.6    -1.9  +0.2 +0.11 | 
Promoted P cells: 0

===== TEST P, L tight (info) (/tmp/e4_PLt_report.txt) =====

## Test P (pullback limit after the arm), universe L: per ARM / per FILL / market on same arms / random-time limit
d         W hold | part            arms  fill perARM     t perFILL grossF |    mkt     t  mktG mktG|fill mktG|nofill | rFill  rPerF rGrossF rPerAtt    ex  t_ex | promo
5bp       2   15 | tune           42032   38%   -0.4 -2.85    -1.1   -0.1 |   -1.9 -7.18  +0.1      -5.3        +3.4 |   38%   -1.2    -0.2    -0.5  +0.0 +0.27 | 
5bp       2   15 | validate       14170   41%   -0.9 -2.97    -2.1   -1.0 |   -2.6 -5.56  -0.5      -5.8        +3.3 |   41%   -1.6    -0.6    -0.7  -0.2 -0.65 | 
5bp       2   15 | tune+validate  56202   39%   -0.5 -4.01    -1.4   -0.3 |   -2.1 -8.99  -0.1      -5.4        +3.4 |   38%   -1.3    -0.3    -0.5  -0.0 -0.12 | 
5bp       2   30 | tune           40757   39%   -0.4 -1.65    -1.1   -0.1 |   -1.8 -4.02  +0.2      -5.1        +3.6 |   38%   -1.4    -0.4    -0.5  +0.1 +0.38 | 
5bp       2   30 | validate       13641   42%   -0.6 -1.45    -1.4   -0.3 |   -2.3 -3.54  -0.2      -5.2        +3.3 |   41%   -2.0    -0.9    -0.8  +0.2 +0.45 | 
5bp       2   30 | tune+validate  54398   39%   -0.5 -2.15    -1.2   -0.1 |   -1.9 -5.19  +0.1      -5.1        +3.5 |   39%   -1.5    -0.5    -0.6  +0.1 +0.56 | 
5bp       2   60 | tune           36980   40%   -0.1 -0.29    -0.3   +0.7 |   -1.3 -1.59  +0.8      -4.2        +4.1 |   39%   -1.3    -0.3    -0.5  +0.4 +0.72 | 
5bp       2   60 | validate       12321   43%   -0.8 -1.08    -1.8   -0.8 |   -3.0 -2.56  -0.9      -5.5        +2.6 |   42%   -2.5    -1.5    -1.1  +0.3 +0.31 | 
5bp       2   60 | tune+validate  49301   40%   -0.3 -0.75    -0.7   +0.3 |   -1.7 -2.53  +0.4      -4.6        +3.7 |   40%   -1.6    -0.6    -0.6  +0.4 +0.78 | 
5bp       2  eod | tune           42032   38%   -0.3 -0.30    -0.8   -0.0 |   -2.2 -0.93  -0.2      -5.0        +2.9 |   38%   -2.0    -1.2    -0.8  +0.5 +0.27 | 
5bp       2  eod | validate       14170   41%   -2.2 -1.14    -5.4   -4.6 |   -7.0 -1.88  -4.9      -9.6        -1.6 |   41%   -6.7    -6.0    -2.8  +0.5 +0.17 | 
5bp       2  eod | tune+validate  56202   39%   -0.8 -0.81    -2.0   -1.2 |   -3.4 -1.69  -1.3      -6.2        +1.8 |   39%   -3.3    -2.5    -1.3  +0.5 +0.31 | 
5bp       5   15 | tune           42032   56%   -0.6 -3.22    -1.1   -0.1 |   -1.9 -7.18  +0.1      -5.3        +6.8 |   55%   -1.5    -0.5    -0.8  +0.2 +1.30 | 
5bp       5   15 | validate       14170   59%   -1.2 -3.46    -2.1   -1.0 |   -2.6 -5.56  -0.5      -5.8        +7.1 |   58%   -1.6    -0.6    -1.0  -0.3 -0.72 | 
5bp       5   15 | tune+validate  56202   56%   -0.7 -4.57    -1.3   -0.3 |   -2.1 -8.99  -0.1      -5.4        +6.9 |   56%   -1.5    -0.5    -0.9  +0.1 +0.67 | 
5bp       5   30 | tune           40392   56%   -0.5 -1.71    -1.0   -0.0 |   -1.8 -4.04  +0.2      -5.0        +6.9 |   55%   -1.1    -0.1    -0.6  +0.0 +0.14 | 
5bp       5   30 | validate       13496   59%   -1.0 -2.19    -1.7   -0.7 |   -2.3 -3.48  -0.2      -5.5        +7.4 |   58%   -1.8    -0.8    -1.0  +0.0 +0.03 | 
5bp       5   30 | tune+validate  53888   57%   -0.7 -2.51    -1.2   -0.2 |   -1.9 -5.19  +0.1      -5.2        +7.1 |   56%   -1.3    -0.3    -0.7  +0.0 +0.14 | 
5bp       5   60 | tune           36637   57%   -0.2 -0.34    -0.3   +0.7 |   -1.3 -1.55  +0.8      -4.2        +7.4 |   56%   -1.4    -0.4    -0.8  +0.6 +0.94 | 
5bp       5   60 | validate       12223   60%   -1.5 -1.67    -2.4   -1.4 |   -3.0 -2.53  -0.9      -6.2        +7.1 |   59%   -2.2    -1.2    -1.3  -0.1 -0.20 | 
5bp       5   60 | tune+validate  48860   58%   -0.5 -1.04    -0.8   +0.1 |   -1.7 -2.48  +0.4      -4.8        +7.3 |   57%   -1.6    -0.6    -0.9  +0.4 +0.76 | 
5bp       5  eod | tune           42032   56%   -0.6 -0.41    -1.0   -0.3 |   -2.2 -0.93  -0.2      -5.3        +6.3 |   55%   -1.3    -0.6    -0.7  +0.1 +0.02 | 
5bp       5  eod | validate       14170   59%   -3.6 -1.48    -6.2   -5.4 |   -7.0 -1.88  -4.9     -10.4        +3.0 |   58%   -5.7    -4.9    -3.3  -0.4 -0.20 | 
5bp       5  eod | tune+validate  56202   56%   -1.3 -1.04    -2.4   -1.6 |   -3.4 -1.69  -1.3      -6.6        +5.5 |   56%   -2.5    -1.7    -1.4  +0.0 -0.07 | 
5bp      10   15 | tune           41552   67%   -0.7 -3.62    -1.1   -0.1 |   -1.9 -7.14  +0.1      -5.3       +11.1 |   66%   -1.2    -0.2    -0.8  +0.1 +0.46 | 
5bp      10   15 | validate       13947   69%   -1.4 -3.53    -2.0   -1.0 |   -2.5 -5.46  -0.4      -5.8       +11.7 |   69%   -1.9    -0.8    -1.3  -0.1 -0.25 | 
5bp      10   15 | tune+validate  55499   68%   -0.9 -4.96    -1.3   -0.3 |   -2.1 -8.91  -0.0      -5.4       +11.2 |   67%   -1.4    -0.4    -0.9  +0.0 +0.24 | 
5bp      10   30 | tune           39762   67%   -0.7 -1.91    -1.0   -0.0 |   -1.8 -3.93  +0.3      -5.0       +11.2 |   66%   -1.2    -0.3    -0.8  +0.1 +0.41 | 
5bp      10   30 | validate       13288   70%   -1.3 -2.39    -1.8   -0.8 |   -2.3 -3.42  -0.2      -5.6       +12.5 |   70%   -2.0    -1.0    -1.4  +0.1 +0.18 | 
5bp      10   30 | tune+validate  53050   68%   -0.8 -2.79    -1.2   -0.2 |   -1.9 -5.06  +0.2      -5.2       +11.5 |   67%   -1.4    -0.5    -1.0  +0.1 +0.45 | 
5bp      10   60 | tune           36140   68%   -0.4 -0.64    -0.5   +0.4 |   -1.3 -1.56  +0.8      -4.5       +11.9 |   67%   -1.4    -0.5    -1.0  +0.6 +0.73 | 
5bp      10   60 | validate       12026   70%   -1.8 -1.87    -2.6   -1.6 |   -2.9 -2.47  -0.8      -6.4       +12.5 |   70%   -2.1    -1.2    -1.5  -0.3 -0.34 | 
5bp      10   60 | tune+validate  48166   69%   -0.7 -1.39    -1.1   -0.1 |   -1.7 -2.45  +0.4      -5.0       +12.1 |   68%   -1.6    -0.7    -1.1  +0.4 +0.50 | 
5bp      10  eod | tune           41552   67%   -0.9 -0.52    -1.3   -0.6 |   -2.2 -0.91  -0.1      -5.6       +11.0 |   66%   -1.9    -1.2    -1.3  +0.4 +0.16 | 
5bp      10  eod | validate       13947   69%   -4.4 -1.60    -6.4   -5.6 |   -7.1 -1.89  -5.0     -10.6        +7.9 |   69%   -5.7    -5.0    -4.0  -0.5 -0.25 | 
5bp      10  eod | tune+validate  55499   68%   -1.8 -1.19    -2.6   -1.9 |   -3.4 -1.68  -1.4      -6.9       +10.2 |   67%   -2.9    -2.2    -2.0  +0.2 +0.02 | 
10bp      2   15 | tune           42032   16%   -0.2 -1.83    -1.1   +0.0 |   -1.9 -7.18  +0.1     -10.3        +2.0 |   16%   -1.6    -0.4    -0.2  +0.1 +0.71 | 
10bp      2   15 | validate       14170   18%   -0.4 -2.10    -2.3   -1.1 |   -2.6 -5.56  -0.5     -10.7        +1.8 |   18%   -1.5    -0.4    -0.3  -0.1 -0.72 | 
10bp      2   15 | tune+validate  56202   16%   -0.2 -2.71    -1.4   -0.3 |   -2.1 -8.99  -0.1     -10.4        +2.0 |   16%   -1.6    -0.4    -0.3  +0.0 +0.19 | 
10bp      2   30 | tune           40757   16%   -0.1 -0.41    -0.4   +0.7 |   -1.8 -4.02  +0.2      -9.3        +2.1 |   16%   -1.5    -0.4    -0.2  +0.2 +0.97 | 
10bp      2   30 | validate       13641   18%   -0.4 -1.34    -2.0   -0.9 |   -2.3 -3.54  -0.2     -10.6        +2.1 |   18%   -2.0    -1.0    -0.4  +0.0 -0.07 | 
10bp      2   30 | tune+validate  54398   17%   -0.1 -1.06    -0.8   +0.3 |   -1.9 -5.19  +0.1      -9.7        +2.1 |   16%   -1.6    -0.6    -0.3  +0.1 +0.78 | 
10bp      2   60 | tune           36980   17%   +0.2 +0.43    +0.9   +2.0 |   -1.3 -1.59  +0.8      -7.9        +2.5 |   16%   -1.7    -0.6    -0.3  +0.4 +1.40 | 
10bp      2   60 | validate       12321   19%   -0.5 -1.29    -2.8   -1.8 |   -3.0 -2.56  -0.9     -11.2        +1.6 |   18%   -3.0    -2.0    -0.6  +0.0 -0.00 | 
10bp      2   60 | tune+validate  49301   17%   -0.0 -0.24    -0.1   +0.9 |   -1.7 -2.53  +0.4      -8.8        +2.3 |   17%   -2.0    -1.0    -0.3  +0.3 +1.21 | 
10bp      2  eod | tune           42032   16%   +0.0 -0.05    +0.2   +1.0 |   -2.2 -0.93  -0.2      -9.0        +1.5 |   16%   -1.2    -0.4    -0.2  +0.2 +0.19 | 
10bp      2  eod | validate       14170   18%   -1.0 -0.96    -5.6   -4.8 |   -7.0 -1.88  -4.9     -14.8        -2.7 |   18%   -6.9    -6.1    -1.2  +0.2 +0.11 | 
10bp      2  eod | tune+validate  56202   16%   -0.2 -0.51    -1.4   -0.6 |   -3.4 -1.69  -1.3     -10.6        +0.5 |   16%   -2.8    -1.9    -0.4  +0.2 +0.22 | 
10bp      5   15 | tune           42032   31%   -0.3 -2.18    -0.9   +0.1 |   -1.9 -7.18  +0.1     -10.2        +4.7 |   30%   -1.3    -0.2    -0.4  +0.1 +0.77 | 
10bp      5   15 | validate       14170   34%   -0.7 -2.67    -2.1   -1.0 |   -2.6 -5.56  -0.5     -10.7        +4.8 |   34%   -1.6    -0.5    -0.5  -0.2 -0.67 | 
10bp      5   15 | tune+validate  56202   32%   -0.4 -3.31    -1.3   -0.2 |   -2.1 -8.99  -0.1     -10.3        +4.7 |   31%   -1.4    -0.3    -0.4  +0.0 +0.23 | 
10bp      5   30 | tune           40392   31%   -0.2 -0.78    -0.6   +0.5 |   -1.8 -4.04  +0.2      -9.6        +4.7 |   31%   -1.0    +0.0    -0.3  +0.1 +0.57 | 
10bp      5   30 | validate       13496   34%   -0.7 -1.91    -2.0   -1.0 |   -2.3 -3.48  -0.2     -10.7        +5.3 |   34%   -1.7    -0.7    -0.6  -0.1 -0.38 | 
10bp      5   30 | tune+validate  53888   32%   -0.3 -1.60    -0.9   +0.1 |   -1.9 -5.19  +0.1      -9.9        +4.8 |   31%   -1.2    -0.2    -0.4  +0.1 +0.31 | 
10bp      5   60 | tune           36637   32%   +0.2 +0.33    +0.6   +1.6 |   -1.3 -1.55  +0.8      -8.4        +5.1 |   31%   -1.3    -0.3    -0.4  +0.6 +1.34 | 
10bp      5   60 | validate       12223   35%   -1.1 -1.69    -3.0   -2.0 |   -3.0 -2.53  -0.9     -11.6        +4.9 |   35%   -3.0    -2.0    -1.0  -0.0 -0.14 | 
10bp      5   60 | tune+validate  48860   33%   -0.1 -0.52    -0.4   +0.6 |   -1.7 -2.48  +0.4      -9.2        +5.1 |   32%   -1.8    -0.7    -0.6  +0.4 +1.10 | 
10bp      5  eod | tune           42032   31%   -0.1 -0.14    -0.2   +0.6 |   -2.2 -0.93  -0.2      -9.4        +4.0 |   30%   -1.7    -0.9    -0.5  +0.4 +0.28 | 
10bp      5  eod | validate       14170   34%   -2.2 -1.31    -6.5   -5.7 |   -7.0 -1.88  -4.9     -15.7        +0.6 |   34%   -6.6    -5.8    -2.2  -0.0 -0.10 | 
10bp      5  eod | tune+validate  56202   32%   -0.6 -0.74    -1.9   -1.1 |   -3.4 -1.69  -1.3     -11.1        +3.2 |   31%   -3.0    -2.2    -0.9  +0.3 +0.20 | 
10bp     10   15 | tune           41552   44%   -0.4 -2.60    -0.9   +0.1 |   -1.9 -7.14  +0.1     -10.2        +8.2 |   44%   -1.5    -0.4    -0.6  +0.2 +1.55 | 
10bp     10   15 | validate       13947   48%   -1.0 -2.92    -2.1   -1.1 |   -2.5 -5.46  -0.4     -10.5        +8.9 |   47%   -1.6    -0.6    -0.8  -0.2 -0.72 | 
10bp     10   15 | tune+validate  55499   45%   -0.6 -3.83    -1.2   -0.2 |   -2.1 -8.91  -0.0     -10.3        +8.4 |   45%   -1.5    -0.5    -0.7  +0.1 +0.66 | 
10bp     10   30 | tune           39762   44%   -0.3 -0.95    -0.6   +0.4 |   -1.8 -3.93  +0.3      -9.6        +8.2 |   44%   -1.0    -0.0    -0.4  +0.2 +0.57 | 
10bp     10   30 | validate       13288   48%   -1.0 -2.36    -2.1   -1.1 |   -2.3 -3.42  -0.2     -10.9        +9.9 |   47%   -1.8    -0.8    -0.9  -0.2 -0.43 | 
10bp     10   30 | tune+validate  53050   45%   -0.5 -1.95    -1.0   +0.0 |   -1.9 -5.06  +0.2     -10.0        +8.6 |   45%   -1.2    -0.2    -0.5  +0.1 +0.29 | 
10bp     10   60 | tune           36140   46%   +0.1 +0.03    +0.2   +1.2 |   -1.3 -1.56  +0.8      -8.7        +8.7 |   45%   -1.3    -0.3    -0.6  +0.7 +1.07 | 
10bp     10   60 | validate       12026   49%   -1.8 -2.26    -3.7   -2.7 |   -2.9 -2.47  -0.8     -12.0       +10.2 |   48%   -2.6    -1.6    -1.3  -0.6 -0.73 | 
10bp     10   60 | tune+validate  48166   47%   -0.4 -1.03    -0.8   +0.1 |   -1.7 -2.45  +0.4      -9.6        +9.1 |   46%   -1.6    -0.6    -0.7  +0.3 +0.59 | 
10bp     10  eod | tune           41552   44%   -0.2 -0.23    -0.5   +0.2 |   -2.2 -0.91  -0.1      -9.8        +7.5 |   44%   -1.9    -1.1    -0.8  +0.6 +0.35 | 
10bp     10  eod | validate       13947   48%   -3.3 -1.54    -6.9   -6.1 |   -7.1 -1.89  -5.0     -16.1        +5.3 |   47%   -4.7    -4.0    -2.2  -1.1 -0.55 | 
10bp     10  eod | tune+validate  55499   45%   -1.0 -0.93    -2.2   -1.5 |   -3.4 -1.68  -1.4     -11.5        +7.0 |   44%   -2.6    -1.8    -1.2  +0.2 +0.03 | 
20bp      2   15 | tune           42032    3%   -0.0 -0.57    -0.8   +0.5 |   -1.9 -7.18  +0.1     -20.3        +0.8 |    4%   -0.5    +0.9    -0.0  -0.0 -0.24 | 
20bp      2   15 | validate       14170    5%   -0.1 -1.08    -2.3   -1.1 |   -2.6 -5.56  -0.5     -20.0        +0.5 |    4%   -1.1    +0.1    -0.0  -0.1 -0.64 | 
20bp      2   15 | tune+validate  56202    4%   -0.0 -1.11    -1.3   +0.0 |   -2.1 -8.99  -0.1     -20.2        +0.7 |    4%   -0.7    +0.7    -0.0  -0.0 -0.57 | 
20bp      2   30 | tune           40757    4%   +0.1 +0.76    +1.4   +2.6 |   -1.8 -4.02  +0.2     -17.4        +0.9 |    4%   -0.5    +0.7    -0.0  +0.1 +0.91 | 
20bp      2   30 | validate       13641    5%   -0.1 -0.53    -1.3   -0.2 |   -2.3 -3.54  -0.2     -20.0        +0.7 |    4%   -3.8    -2.7    -0.2  +0.1 +0.51 | 
20bp      2   30 | tune+validate  54398    4%   +0.0 +0.30    +0.6   +1.8 |   -1.9 -5.19  +0.1     -18.2        +0.8 |    4%   -1.4    -0.2    -0.1  +0.1 +1.04 | 
20bp      2   60 | tune           36980    4%   +0.2 +1.34    +4.5   +5.7 |   -1.3 -1.59  +0.8     -14.0        +1.3 |    4%   -0.5    +0.7    -0.0  +0.2 +1.41 | 
20bp      2   60 | validate       12321    5%   -0.1 -0.45    -1.8   -0.7 |   -3.0 -2.56  -0.9     -20.7        +0.2 |    5%   -2.7    -1.6    -0.1  +0.0 +0.06 | 
20bp      2   60 | tune+validate  49301    4%   +0.1 +0.86    +2.6   +3.7 |   -1.7 -2.53  +0.4     -16.1        +1.0 |    4%   -1.1    +0.1    -0.0  +0.1 +1.21 | 
20bp      2  eod | tune           42032    3%   +0.1 +0.45    +4.2   +5.1 |   -2.2 -0.93  -0.2     -14.9        +0.4 |    4%   -2.8    -1.9    -0.1  +0.3 +0.85 | 
20bp      2  eod | validate       14170    5%   -0.2 -0.48    -3.6   -2.8 |   -7.0 -1.88  -4.9     -22.8        -4.0 |    4%   +3.0    +3.8    +0.1  -0.3 -0.85 | 
20bp      2  eod | tune+validate  56202    4%   +0.1 +0.12    +1.8   +2.6 |   -3.4 -1.69  -1.3     -17.4        -0.7 |    4%   -1.2    -0.3    -0.0  +0.1 +0.28 | 
20bp      5   15 | tune           42032   10%   -0.0 -0.50    -0.3   +0.9 |   -1.9 -7.18  +0.1     -19.7        +2.3 |   10%   -1.5    -0.3    -0.2  +0.1 +1.36 | 
20bp      5   15 | validate       14170   12%   -0.2 -1.32    -1.9   -0.7 |   -2.6 -5.56  -0.5     -20.3        +2.3 |   12%   -1.3    -0.1    -0.2  -0.1 -0.53 | 
20bp      5   15 | tune+validate  56202   11%   -0.1 -1.22    -0.8   +0.4 |   -2.1 -8.99  -0.1     -19.8        +2.3 |   11%   -1.4    -0.2    -0.2  +0.1 +0.74 | 
20bp      5   30 | tune           40392   10%   +0.1 +0.82    +1.1   +2.3 |   -1.8 -4.04  +0.2     -17.9        +2.4 |   10%   -1.2    -0.1    -0.1  +0.2 +1.67 | 
20bp      5   30 | validate       13496   12%   -0.2 -0.74    -1.2   -0.1 |   -2.3 -3.48  -0.2     -19.9        +2.6 |   13%   -2.6    -1.5    -0.3  +0.2 +0.64 | 
20bp      5   30 | tune+validate  53888   11%   +0.1 +0.33    +0.5   +1.6 |   -1.9 -5.19  +0.1     -18.5        +2.4 |   11%   -1.6    -0.5    -0.2  +0.2 +1.77 | 
20bp      5   60 | tune           36637   11%   +0.3 +1.40    +3.2   +4.3 |   -1.3 -1.55  +0.8     -15.5        +2.8 |   11%   -0.8    +0.3    -0.1  +0.4 +1.59 | 
20bp      5   60 | validate       12223   13%   -0.4 -1.10    -3.0   -2.0 |   -3.0 -2.53  -0.9     -21.3        +2.2 |   13%   -2.3    -1.2    -0.3  -0.1 -0.38 | 
20bp      5   60 | tune+validate  48860   11%   +0.2 +0.61    +1.4   +2.5 |   -1.7 -2.48  +0.4     -17.2        +2.6 |   11%   -1.2    -0.1    -0.1  +0.3 +1.15 | 
20bp      5  eod | tune           42032   10%   +0.3 +0.35    +2.8   +3.6 |   -2.2 -0.93  -0.2     -16.4        +1.7 |   10%   -1.2    -0.4    -0.1  +0.4 +0.53 | 
20bp      5  eod | validate       14170   12%   -0.6 -0.85    -5.2   -4.4 |   -7.0 -1.88  -4.9     -24.4        -2.2 |   12%   -5.3    -4.5    -0.6  +0.0 -0.09 | 
20bp      5  eod | tune+validate  56202   11%   +0.1 -0.08    +0.5   +1.3 |   -3.4 -1.69  -1.3     -18.7        +0.7 |   11%   -2.4    -1.5    -0.3  +0.3 +0.44 | 
20bp     10   15 | tune           41552   19%   -0.1 -0.98    -0.4   +0.7 |   -1.9 -7.14  +0.1     -20.0        +4.8 |   19%   -1.3    -0.2    -0.3  +0.2 +1.36 | 
20bp     10   15 | validate       13947   22%   -0.5 -2.00    -2.2   -1.1 |   -2.5 -5.46  -0.4     -20.8        +5.3 |   22%   -1.1    -0.0    -0.2  -0.2 -1.01 | 
20bp     10   15 | tune+validate  55499   20%   -0.2 -2.02    -0.9   +0.2 |   -2.1 -8.91  -0.0     -20.2        +5.0 |   20%   -1.3    -0.1    -0.3  +0.1 +0.42 | 
20bp     10   30 | tune           39762   19%   +0.1 +0.38    +0.6   +1.6 |   -1.8 -3.93  +0.3     -18.5        +4.8 |   19%   -1.0    +0.1    -0.2  +0.3 +1.30 | 
20bp     10   30 | validate       13288   22%   -0.5 -1.62    -2.0   -1.0 |   -2.3 -3.42  -0.2     -20.5        +5.7 |   22%   -2.5    -1.4    -0.5  +0.1 +0.13 | 
20bp     10   30 | tune+validate  53050   20%   -0.0 -0.44    -0.2   +0.9 |   -1.9 -5.06  +0.2     -19.0        +5.0 |   20%   -1.4    -0.3    -0.3  +0.2 +1.22 | 
20bp     10   60 | tune           36140   20%   +0.4 +1.00    +2.1   +3.1 |   -1.3 -1.56  +0.8     -17.0        +5.3 |   20%   -1.9    -0.9    -0.4  +0.8 +2.09 | 
20bp     10   60 | validate       12026   23%   -0.9 -1.53    -3.8   -2.7 |   -2.9 -2.47  -0.8     -21.6        +5.6 |   23%   -1.7    -0.6    -0.4  -0.5 -0.89 | 
20bp     10   60 | tune+validate  48166   21%   +0.1 +0.03    +0.4   +1.5 |   -1.7 -2.45  +0.4     -18.3        +5.3 |   21%   -1.9    -0.8    -0.4  +0.5 +1.28 | 
20bp     10  eod | tune           41552   19%   +0.3 +0.19    +1.4   +2.2 |   -2.2 -0.91  -0.1     -17.8        +4.0 |   19%   -1.6    -0.8    -0.3  +0.6 +0.58 | 
20bp     10  eod | validate       13947   22%   -1.2 -0.98    -5.4   -4.6 |   -7.1 -1.89  -5.0     -24.6        +0.6 |   22%   -5.8    -5.0    -1.3  +0.1 -0.07 | 
20bp     10  eod | tune+validate  55499   20%   -0.1 -0.31    -0.5   +0.3 |   -3.4 -1.68  -1.4     -19.7        +3.2 |   20%   -2.8    -2.0    -0.5  +0.5 +0.47 | 
40bp      2   15 | tune           42032    0%   -0.0 -1.60    -7.6   -6.0 |   -1.9 -7.18  +0.1     -46.9        +0.3 |    0%   -2.8    -1.4    -0.0  -0.0 -0.89 | 
40bp      2   15 | validate       14170    1%   +0.0 +0.80    +6.8   +8.2 |   -2.6 -5.56  -0.5     -32.8        -0.3 |    1%   +0.7    +2.1    +0.0  +0.0 +0.64 | 
40bp      2   15 | tune+validate  56202    0%   -0.0 -0.83    -3.0   -1.5 |   -2.1 -8.99  -0.1     -42.4        +0.1 |    0%   -1.8    -0.4    -0.0  -0.0 -0.36 | 
40bp      2   30 | tune           40757    0%   +0.0 +0.72    +5.2   +6.6 |   -1.8 -4.02  +0.2     -37.2        +0.4 |    0%   -7.1    -5.7    -0.0  +0.1 +1.49 | 
40bp      2   30 | validate       13641    1%   +0.1 +1.30   +11.3  +12.5 |   -2.3 -3.54  -0.2     -26.4        -0.1 |    0%   +0.4    +1.9    +0.0  +0.1 +0.92 | 
40bp      2   30 | tune+validate  54398    0%   +0.0 +1.28    +7.1   +8.5 |   -1.9 -5.19  +0.1     -33.7        +0.3 |    0%   -5.2    -3.7    -0.0  +0.1 +1.76 | 
40bp      2   60 | tune           36980    0%   +0.1 +1.85   +17.1  +18.4 |   -1.3 -1.59  +0.8     -22.3        +0.9 |    0%   +0.6    +1.9    +0.0  +0.1 +1.47 | 
40bp      2   60 | validate       12321    1%   +0.0 +0.54    +5.6   +6.7 |   -3.0 -2.56  -0.9     -32.5        -0.7 |    1%   +3.1    +4.3    +0.0  -0.0 +0.02 | 
40bp      2   60 | tune+validate  49301    0%   +0.1 +1.84   +13.4  +14.6 |   -1.7 -2.53  +0.4     -25.6        +0.5 |    0%   +1.4    +2.7    +0.0  +0.1 +1.23 | 
40bp      2  eod | tune           42032    0%   +0.1 +1.09   +20.9  +21.9 |   -2.2 -0.93  -0.2     -18.2        -0.1 |    0%   -0.5    +0.6    -0.0  +0.1 +1.04 | 
40bp      2  eod | validate       14170    1%   -0.1 -0.94   -18.1  -17.3 |   -7.0 -1.88  -4.9     -57.2        -4.6 |    1%  -24.9   -24.1    -0.1  +0.0 +0.27 | 
40bp      2  eod | tune+validate  56202    0%   +0.0 +0.49    +8.4   +9.4 |   -3.4 -1.69  -1.3     -30.7        -1.2 |    0%   -8.0    -7.0    -0.0  +0.1 +1.04 | 
40bp      5   15 | tune           42032    2%   -0.0 -0.60    -1.1   +0.4 |   -1.9 -7.18  +0.1     -41.2        +0.8 |    2%   -1.6    -0.2    -0.0  +0.0 +0.25 | 
40bp      5   15 | validate       14170    2%   -0.0 -0.24    -0.5   +0.8 |   -2.6 -5.56  -0.5     -39.2        +0.5 |    2%   -0.6    +0.7    -0.0  -0.0 -0.07 | 
40bp      5   15 | tune+validate  56202    2%   -0.0 -0.62    -0.9   +0.5 |   -2.1 -8.99  -0.1     -40.6        +0.7 |    2%   -1.3    +0.1    -0.0  +0.0 +0.15 | 
40bp      5   30 | tune           40392    2%   +0.1 +1.51    +4.6   +5.9 |   -1.8 -4.04  +0.2     -34.9        +0.9 |    2%   -1.6    -0.2    -0.0  +0.1 +1.98 | 
40bp      5   30 | validate       13496    2%   -0.0 -0.31    -1.0   +0.3 |   -2.3 -3.48  -0.2     -38.9        +0.7 |    2%   -6.2    -5.1    -0.2  +0.1 +1.17 | 
40bp      5   30 | tune+validate  53888    2%   +0.1 +1.17    +2.9   +4.2 |   -1.9 -5.19  +0.1     -36.1        +0.8 |    2%   -3.0    -1.7    -0.1  +0.1 +2.31 | 
40bp      5   60 | tune           36637    2%   +0.2 +2.11    +9.4  +10.7 |   -1.3 -1.55  +0.8     -29.7        +1.4 |    2%   -0.7    +0.6    -0.0  +0.2 +2.12 | 
40bp      5   60 | validate       12223    3%   -0.1 -0.64    -3.0   -1.8 |   -3.0 -2.53  -0.9     -40.6        +0.2 |    3%   -6.4    -5.3    -0.2  +0.1 +0.67 | 
40bp      5   60 | tune+validate  48860    2%   +0.1 +1.63    +5.6   +6.8 |   -1.7 -2.48  +0.4     -33.1        +1.1 |    2%   -2.3    -1.2    -0.1  +0.2 +2.18 | 
40bp      5  eod | tune           42032    2%   +0.2 +0.79   +10.4  +11.3 |   -2.2 -0.93  -0.2     -28.7        +0.4 |    2%   +4.9    +5.9    +0.1  +0.1 +0.31 | 
40bp      5  eod | validate       14170    2%   -0.1 -0.36    -3.0   -2.1 |   -7.0 -1.88  -4.9     -42.1        -4.0 |    2%   +1.5    +2.4    +0.0  -0.1 -0.56 | 
40bp      5  eod | tune+validate  56202    2%   +0.1 +0.61    +6.3   +7.2 |   -3.4 -1.69  -1.3     -32.9        -0.7 |    2%   +3.9    +4.9    +0.1  +0.0 +0.09 | 
40bp     10   15 | tune           41552    4%   -0.0 -0.23    -0.0   +1.3 |   -1.9 -7.14  +0.1     -40.1        +1.9 |    5%   -0.2    +1.1    -0.0  +0.0 -0.09 | 
40bp     10   15 | validate       13947    6%   -0.0 -0.35    -0.5   +0.7 |   -2.5 -5.46  -0.4     -38.9        +1.9 |    6%   +0.6    +1.8    +0.0  -0.1 -0.52 | 
40bp     10   15 | tune+validate  55499    5%   -0.0 -0.40    -0.2   +1.1 |   -2.1 -8.91  -0.0     -39.7        +1.9 |    5%   +0.0    +1.3    +0.0  -0.0 -0.41 | 
40bp     10   30 | tune           39762    4%   +0.2 +1.79    +3.6   +4.7 |   -1.8 -3.93  +0.3     -36.1        +2.0 |    5%   -1.1    +0.0    -0.1  +0.2 +2.18 | 
40bp     10   30 | validate       13288    6%   +0.0 +0.04    +0.3   +1.5 |   -2.3 -3.42  -0.2     -38.6        +2.3 |    6%   -0.4    +0.8    -0.0  +0.1 +0.25 | 
40bp     10   30 | tune+validate  53050    5%   +0.1 +1.63    +2.6   +3.7 |   -1.9 -5.06  +0.2     -36.8        +2.0 |    5%   -0.9    +0.3    -0.0  +0.2 +2.05 | 
40bp     10   60 | tune           36140    5%   +0.2 +1.55    +5.0   +6.1 |   -1.3 -1.56  +0.8     -33.9        +2.5 |    5%   -1.7    -0.4    -0.1  +0.3 +2.02 | 
40bp     10   60 | validate       12026    6%   -0.2 -1.21    -3.9   -2.8 |   -2.9 -2.47  -0.8     -41.1        +1.9 |    6%   +1.2    +2.2    +0.1  -0.3 -1.29 | 
40bp     10   60 | tune+validate  48166    5%   +0.1 +0.78    +2.2   +3.4 |   -1.7 -2.45  +0.4     -36.1        +2.3 |    5%   -0.9    +0.3    -0.0  +0.2 +1.03 | 
40bp     10  eod | tune           41552    4%   +0.4 +0.95    +8.3   +9.2 |   -2.2 -0.91  -0.1     -30.9        +1.3 |    5%   -0.9    -0.0    -0.0  +0.4 +1.01 | 
40bp     10  eod | validate       13947    6%   -0.3 -0.78    -6.0   -5.2 |   -7.1 -1.89  -5.0     -45.1        -2.5 |    6%   -2.0    -1.2    -0.1  -0.2 -0.49 | 
40bp     10  eod | tune+validate  55499    5%   +0.2 +0.46    +3.9   +4.8 |   -3.4 -1.68  -1.4     -35.2        +0.3 |    5%   -1.2    -0.4    -0.1  +0.2 +0.63 | 
0.25ATR   2   15 | tune           42006   45%   -0.5 -3.89    -1.1   -0.2 |   -1.9 -7.16  +0.1      -5.2        +4.5 |   45%   -1.2    -0.2    -0.5  +0.0 +0.27 | 
0.25ATR   2   15 | validate       14170   46%   -0.8 -3.30    -1.7   -0.8 |   -2.6 -5.56  -0.5      -5.8        +4.1 |   45%   -1.4    -0.5    -0.7  -0.1 -0.65 | 
0.25ATR   2   15 | tune+validate  56176   46%   -0.6 -5.06    -1.3   -0.3 |   -2.1 -8.97  -0.1      -5.4        +4.4 |   45%   -1.3    -0.3    -0.6  -0.0 -0.10 | 
0.25ATR   2   30 | tune           40731   45%   -0.4 -1.90    -0.9   -0.0 |   -1.8 -3.99  +0.2      -5.0        +4.5 |   45%   -1.0    -0.1    -0.4  +0.0 +0.18 | 
0.25ATR   2   30 | validate       13641   46%   -0.7 -1.90    -1.4   -0.5 |   -2.3 -3.54  -0.2      -5.7        +4.3 |   44%   -2.1    -1.2    -0.9  +0.3 +0.65 | 
0.25ATR   2   30 | tune+validate  54372   45%   -0.5 -2.59    -1.1   -0.1 |   -1.9 -5.17  +0.1      -5.1        +4.5 |   45%   -1.3    -0.3    -0.6  +0.1 +0.48 | 
0.25ATR   2   60 | tune           36954   45%   -0.3 -0.80    -0.7   +0.2 |   -1.3 -1.57  +0.8      -4.8        +5.3 |   44%   -1.4    -0.5    -0.6  +0.3 +0.79 | 
0.25ATR   2   60 | validate       12321   45%   -0.8 -1.21    -1.7   -0.8 |   -3.0 -2.56  -0.9      -6.2        +3.5 |   44%   -1.9    -1.0    -0.8  +0.1 +0.05 | 
0.25ATR   2   60 | tune+validate  49275   45%   -0.4 -1.30    -0.9   -0.0 |   -1.7 -2.51  +0.4      -5.2        +4.9 |   44%   -1.5    -0.6    -0.7  +0.2 +0.70 | 
0.25ATR   2  eod | tune           42006   45%   -0.5 -0.50    -1.1   -0.4 |   -2.2 -0.92  -0.1      -5.3        +4.2 |   45%   -1.8    -1.1    -0.8  +0.3 +0.27 | 
0.25ATR   2  eod | validate       14170   46%   -2.5 -1.46    -5.4   -4.6 |   -7.0 -1.88  -4.9      -9.9        -0.6 |   44%   -5.4    -4.7    -2.4  -0.0 -0.07 | 
0.25ATR   2  eod | tune+validate  56176   46%   -1.0 -1.13    -2.2   -1.5 |   -3.4 -1.69  -1.3      -6.5        +2.9 |   45%   -2.7    -2.0    -1.2  +0.2 +0.20 | 
0.25ATR   5   15 | tune           42006   63%   -0.7 -3.93    -1.1   -0.1 |   -1.9 -7.16  +0.1      -5.3        +9.3 |   63%   -1.3    -0.4    -0.8  +0.1 +0.97 | 
0.25ATR   5   15 | validate       14170   64%   -1.3 -4.00    -2.0   -1.0 |   -2.6 -5.56  -0.5      -6.1        +9.6 |   63%   -1.7    -0.7    -1.0  -0.2 -0.80 | 
0.25ATR   5   15 | tune+validate  56176   63%   -0.8 -5.44    -1.3   -0.4 |   -2.1 -8.97  -0.1      -5.5        +9.4 |   63%   -1.4    -0.4    -0.9  +0.0 +0.37 | 
0.25ATR   5   30 | tune           40366   63%   -0.6 -1.81    -0.9   +0.0 |   -1.8 -4.01  +0.2      -5.0        +9.2 |   63%   -1.1    -0.2    -0.7  +0.1 +0.42 | 
0.25ATR   5   30 | validate       13496   64%   -1.2 -2.85    -1.9   -1.0 |   -2.3 -3.48  -0.2      -6.2       +10.3 |   63%   -2.0    -1.1    -1.3  +0.0 +0.04 | 
0.25ATR   5   30 | tune+validate  53862   63%   -0.7 -2.87    -1.2   -0.2 |   -1.9 -5.17  +0.1      -5.3        +9.5 |   63%   -1.3    -0.4    -0.8  +0.1 +0.40 | 
0.25ATR   5   60 | tune           36611   63%   -0.4 -0.71    -0.6   +0.3 |   -1.3 -1.54  +0.8      -4.7       +10.2 |   63%   -1.4    -0.5    -0.9  +0.5 +0.84 | 
0.25ATR   5   60 | validate       12223   63%   -1.6 -1.92    -2.5   -1.6 |   -3.0 -2.53  -0.9      -7.1        +9.7 |   62%   -2.5    -1.6    -1.5  -0.0 -0.10 | 
0.25ATR   5   60 | tune+validate  48834   63%   -0.7 -1.51    -1.1   -0.2 |   -1.7 -2.47  +0.4      -5.3       +10.1 |   63%   -1.7    -0.8    -1.0  +0.4 +0.72 | 
0.25ATR   5  eod | tune           42006   63%   -0.8 -0.58    -1.3   -0.6 |   -2.2 -0.92  -0.1      -5.6        +9.2 |   63%   -1.7    -1.0    -1.0  +0.2 +0.09 | 
0.25ATR   5  eod | validate       14170   64%   -3.9 -1.67    -6.0   -5.3 |   -7.0 -1.88  -4.9     -10.7        +5.4 |   63%   -5.3    -4.6    -3.3  -0.5 -0.26 | 
0.25ATR   5  eod | tune+validate  56176   63%   -1.6 -1.27    -2.5   -1.8 |   -3.4 -1.69  -1.3      -6.9        +8.3 |   63%   -2.6    -1.9    -1.6  +0.0 -0.03 | 
0.25ATR  10   15 | tune           41526   73%   -0.8 -3.98    -1.1   -0.1 |   -1.9 -7.12  +0.1      -5.3       +15.0 |   73%   -1.2    -0.3    -0.9  +0.1 +0.53 | 
0.25ATR  10   15 | validate       13947   74%   -1.5 -3.72    -2.0   -1.0 |   -2.5 -5.46  -0.4      -6.1       +15.9 |   74%   -1.5    -0.6    -1.1  -0.4 -0.97 | 
0.25ATR  10   15 | tune+validate  55473   74%   -1.0 -5.37    -1.3   -0.4 |   -2.1 -8.90  -0.0      -5.5       +15.2 |   73%   -1.3    -0.3    -0.9  -0.0 -0.10 | 
0.25ATR  10   30 | tune           39736   73%   -0.6 -1.74    -0.8   +0.1 |   -1.8 -3.91  +0.3      -5.0       +14.8 |   73%   -1.4    -0.5    -1.0  +0.4 +1.18 | 
0.25ATR  10   30 | validate       13288   74%   -1.5 -2.85    -2.0   -1.0 |   -2.3 -3.42  -0.2      -6.4       +17.4 |   73%   -2.0    -1.0    -1.4  -0.0 -0.11 | 
0.25ATR  10   30 | tune+validate  53024   73%   -0.8 -2.83    -1.1   -0.2 |   -1.9 -5.04  +0.2      -5.4       +15.4 |   73%   -1.5    -0.6    -1.1  +0.3 +0.98 | 
0.25ATR  10   60 | tune           36114   73%   -0.4 -0.71    -0.5   +0.4 |   -1.3 -1.54  +0.8      -4.8       +15.8 |   73%   -1.3    -0.4    -0.9  +0.5 +0.70 | 
0.25ATR  10   60 | validate       12026   73%   -2.1 -2.17    -2.8   -1.9 |   -2.9 -2.47  -0.8      -7.3       +17.4 |   72%   -2.0    -1.0    -1.4  -0.7 -0.71 | 
0.25ATR  10   60 | tune+validate  48140   73%   -0.8 -1.62    -1.1   -0.2 |   -1.7 -2.43  +0.4      -5.4       +16.2 |   72%   -1.4    -0.5    -1.0  +0.2 +0.29 | 
0.25ATR  10  eod | tune           41526   73%   -0.9 -0.55    -1.3   -0.6 |   -2.2 -0.90  -0.1      -5.6       +14.8 |   73%   -1.8    -1.1    -1.3  +0.4 +0.20 | 
0.25ATR  10  eod | validate       13947   74%   -4.6 -1.70    -6.2   -5.5 |   -7.1 -1.89  -5.0     -10.9       +12.0 |   73%   -5.9    -5.2    -4.4  -0.2 -0.15 | 
0.25ATR  10  eod | tune+validate  55473   74%   -1.9 -1.27    -2.5   -1.8 |   -3.4 -1.68  -1.3      -6.9       +14.1 |   73%   -2.8    -2.1    -2.1  +0.2 +0.10 | 
0.5ATR    2   15 | tune           42006   17%   -0.2 -2.95    -1.2   -0.2 |   -1.9 -7.16  +0.1      -9.6        +2.0 |   17%   -1.1    -0.2    -0.2  +0.0 +0.05 | 
0.5ATR    2   15 | validate       14170   17%   -0.2 -2.01    -1.4   -0.4 |   -2.6 -5.56  -0.5     -10.2        +1.5 |   17%   -1.3    -0.3    -0.2  -0.0 -0.20 | 
0.5ATR    2   15 | tune+validate  56176   17%   -0.2 -3.57    -1.2   -0.3 |   -2.1 -8.97  -0.1      -9.7        +1.9 |   17%   -1.2    -0.2    -0.2  -0.0 -0.07 | 
0.5ATR    2   30 | tune           40731   17%   -0.1 -1.26    -0.7   +0.2 |   -1.8 -3.99  +0.2      -9.2        +2.1 |   17%   -1.4    -0.5    -0.2  +0.1 +1.21 | 
0.5ATR    2   30 | validate       13641   17%   -0.2 -1.40    -1.2   -0.3 |   -2.3 -3.54  -0.2     -10.0        +1.7 |   17%   -1.1    -0.2    -0.2  -0.0 -0.27 | 
0.5ATR    2   30 | tune+validate  54372   17%   -0.1 -1.78    -0.9   +0.1 |   -1.9 -5.17  +0.1      -9.4        +2.0 |   17%   -1.3    -0.4    -0.2  +0.1 +0.90 | 
0.5ATR    2   60 | tune           36954   16%   -0.0 -0.35    -0.3   +0.6 |   -1.3 -1.57  +0.8      -9.0        +2.7 |   17%   -1.7    -0.8    -0.3  +0.2 +1.38 | 
0.5ATR    2   60 | validate       12321   16%   -0.3 -0.88    -1.6   -0.7 |   -3.0 -2.56  -0.9     -11.1        +1.1 |   16%   -0.5    +0.4    -0.1  -0.2 -0.64 | 
0.5ATR    2   60 | tune+validate  49275   16%   -0.1 -0.78    -0.6   +0.3 |   -1.7 -2.51  +0.4      -9.5        +2.3 |   16%   -1.4    -0.5    -0.2  +0.1 +0.81 | 
0.5ATR    2  eod | tune           42006   17%   -0.2 -0.54    -1.2   -0.5 |   -2.2 -0.92  -0.1      -9.7        +1.8 |   17%   -1.4    -0.7    -0.2  +0.0 -0.00 | 
0.5ATR    2  eod | validate       14170   17%   -1.1 -1.60    -6.6   -5.8 |   -7.0 -1.88  -4.9     -15.8        -2.7 |   17%   -4.7    -4.0    -0.8  -0.3 -0.52 | 
0.5ATR    2  eod | tune+validate  56176   17%   -0.4 -1.30    -2.6   -1.9 |   -3.4 -1.69  -1.3     -11.2        +0.7 |   17%   -2.2    -1.5    -0.4  -0.1 -0.27 | 
0.5ATR    5   15 | tune           42006   37%   -0.4 -3.07    -1.0   -0.0 |   -1.9 -7.16  +0.1      -9.8        +5.8 |   37%   -1.1    -0.2    -0.4  +0.1 +0.50 | 
0.5ATR    5   15 | validate       14170   37%   -0.5 -2.76    -1.4   -0.4 |   -2.6 -5.56  -0.5     -10.6        +5.4 |   37%   -1.3    -0.3    -0.5  -0.0 -0.29 | 
0.5ATR    5   15 | tune+validate  56176   37%   -0.4 -4.03    -1.1   -0.1 |   -2.1 -8.97  -0.1     -10.0        +5.7 |   37%   -1.2    -0.2    -0.4  +0.0 +0.29 | 
0.5ATR    5   30 | tune           40366   36%   -0.3 -1.47    -0.8   +0.2 |   -1.8 -4.01  +0.2      -9.5        +5.8 |   36%   -1.1    -0.1    -0.4  +0.1 +0.48 | 
0.5ATR    5   30 | validate       13496   36%   -0.5 -1.77    -1.3   -0.3 |   -2.3 -3.48  -0.2     -10.6        +5.7 |   36%   -2.5    -1.6    -0.9  +0.4 +1.42 | 
0.5ATR    5   30 | tune+validate  53862   36%   -0.3 -2.09    -0.9   +0.0 |   -1.9 -5.17  +0.1      -9.8        +5.8 |   36%   -1.4    -0.5    -0.5  +0.2 +1.07 | 
0.5ATR    5   60 | tune           36611   36%   -0.1 -0.43    -0.3   +0.6 |   -1.3 -1.54  +0.8      -9.4        +6.5 |   36%   -1.2    -0.3    -0.4  +0.3 +0.73 | 
0.5ATR    5   60 | validate       12223   36%   -0.7 -1.39    -1.9   -0.9 |   -3.0 -2.53  -0.9     -11.5        +5.0 |   35%   -2.0    -1.1    -0.7  +0.0 +0.03 | 
0.5ATR    5   60 | tune+validate  48834   36%   -0.3 -1.00    -0.7   +0.2 |   -1.7 -2.47  +0.4      -9.9        +6.1 |   36%   -1.4    -0.5    -0.5  +0.2 +0.68 | 
0.5ATR    5  eod | tune           42006   37%   -0.4 -0.50    -1.1   -0.4 |   -2.2 -0.92  -0.1     -10.0        +5.5 |   37%   -1.7    -1.0    -0.6  +0.2 +0.19 | 
0.5ATR    5  eod | validate       14170   37%   -2.1 -1.55    -5.7   -5.0 |   -7.0 -1.88  -4.9     -15.2        +1.1 |   36%   -5.2    -4.5    -1.9  -0.2 -0.20 | 
0.5ATR    5  eod | tune+validate  56176   37%   -0.8 -1.15    -2.3   -1.6 |   -3.4 -1.69  -1.3     -11.3        +4.4 |   36%   -2.6    -1.9    -0.9  +0.1 +0.07 | 
0.5ATR   10   15 | tune           41526   51%   -0.5 -3.15    -0.9   +0.0 |   -1.9 -7.12  +0.1     -10.0       +10.8 |   51%   -1.2    -0.2    -0.6  +0.1 +0.86 | 
0.5ATR   10   15 | validate       13947   53%   -0.9 -3.51    -1.7   -0.8 |   -2.5 -5.46  -0.4     -10.9       +11.2 |   52%   -1.5    -0.5    -0.8  -0.2 -0.64 | 
0.5ATR   10   15 | tune+validate  55473   52%   -0.6 -4.48    -1.1   -0.2 |   -2.1 -8.90  -0.0     -10.2       +10.9 |   51%   -1.2    -0.3    -0.6  +0.1 +0.35 | 
0.5ATR   10   30 | tune           39736   51%   -0.3 -1.24    -0.6   +0.3 |   -1.8 -3.91  +0.3      -9.6       +10.6 |   51%   -1.1    -0.1    -0.5  +0.2 +0.84 | 
0.5ATR   10   30 | validate       13288   52%   -0.9 -2.68    -1.7   -0.8 |   -2.3 -3.42  -0.2     -11.3       +12.0 |   51%   -1.8    -0.9    -0.9  -0.0 -0.11 | 
0.5ATR   10   30 | tune+validate  53024   51%   -0.5 -2.22    -0.9   +0.0 |   -1.9 -5.04  +0.2     -10.0       +11.0 |   51%   -1.2    -0.3    -0.6  +0.2 +0.72 | 
0.5ATR   10   60 | tune           36114   51%   -0.2 -0.55    -0.4   +0.5 |   -1.3 -1.54  +0.8      -9.5       +11.4 |   51%   -1.2    -0.3    -0.6  +0.4 +0.74 | 
0.5ATR   10   60 | validate       12026   51%   -1.5 -2.16    -2.8   -1.9 |   -2.9 -2.47  -0.8     -12.5       +11.7 |   50%   -2.3    -1.3    -1.1  -0.3 -0.59 | 
0.5ATR   10   60 | tune+validate  48140   51%   -0.5 -1.44    -1.0   -0.1 |   -1.7 -2.43  +0.4     -10.3       +11.5 |   50%   -1.5    -0.5    -0.7  +0.2 +0.40 | 
0.5ATR   10  eod | tune           41526   51%   -0.5 -0.44    -1.0   -0.3 |   -2.2 -0.90  -0.1     -10.0       +10.3 |   52%   -1.9    -1.2    -1.0  +0.5 +0.32 | 
0.5ATR   10  eod | validate       13947   53%   -3.3 -1.72    -6.3   -5.6 |   -7.1 -1.89  -5.0     -16.1        +7.4 |   52%   -4.9    -4.2    -2.5  -0.8 -0.48 | 
0.5ATR   10  eod | tune+validate  55473   52%   -1.2 -1.20    -2.4   -1.7 |   -3.4 -1.68  -1.3     -11.5        +9.6 |   52%   -2.6    -1.9    -1.4  +0.1 +0.06 | 
Promoted P cells: 0

===== TEST P, C (/tmp/e4_PC_report.txt) =====

## Test P (pullback limit after the arm), universe C: per ARM / per FILL / market on same arms / random-time limit
d         W hold | part            arms  fill perARM     t perFILL grossF |    mkt     t  mktG mktG|fill mktG|nofill | rFill  rPerF rGrossF rPerAtt    ex  t_ex | promo
5bp       2   15 | tune           43695   56%   -4.9 -7.28    -8.6   -1.6 |  -13.5 -16.54  +0.4      -6.6        +9.5 |   54%  -10.1    -3.2    -5.5  +0.9 +1.35 | 
5bp       2   30 | tune           41751   57%   -5.0 -4.83    -8.9   -2.1 |  -13.9 -10.36  +0.1      -6.8        +9.0 |   54%  -10.6    -3.8    -5.7  +1.0 +0.84 | 
5bp       2   60 | tune           37544   57%   -6.5 -3.26   -11.4   -4.9 |  -16.0 -6.28  -2.0      -9.5        +8.0 |   55%  -10.7    -4.1    -5.8  -0.2 -0.13 | 
5bp       2  eod | tune           43695   56%   -9.3 -2.09   -16.4  -11.2 |  -21.3 -3.43  -7.4     -16.1        +3.9 |   54%  -16.3   -11.1    -8.9  +0.3 -0.03 | 
5bp       5   15 | tune           43695   71%   -5.9 -8.15    -8.3   -1.5 |  -13.5 -16.54  +0.4      -6.4       +17.4 |   69%   -9.8    -3.0    -6.8  +1.1 +1.54 | 
5bp       5   30 | tune           41324   71%   -6.2 -5.38    -8.7   -2.1 |  -13.8 -10.29  +0.1      -6.8       +17.1 |   69%   -9.9    -3.3    -6.9  +0.9 +0.70 | 
5bp       5   60 | tune           37154   72%   -7.9 -3.53   -11.1   -4.6 |  -16.0 -6.26  -2.0      -9.1       +16.0 |   70%  -10.8    -4.3    -7.5  -0.3 -0.16 | 
5bp       5  eod | tune           43695   71%  -10.7 -2.12   -15.1   -9.9 |  -21.3 -3.43  -7.4     -14.9       +11.1 |   69%  -15.3   -10.1   -10.6  +0.1 -0.06 | 
5bp      10   15 | tune           42868   79%   -6.4 -8.11    -8.0   -1.3 |  -13.5 -16.00  +0.5      -6.3       +26.2 |   78%   -9.6    -2.8    -7.5  +1.3 +1.56 | 
5bp      10   30 | tune           40664   79%   -6.7 -5.52    -8.5   -1.9 |  -13.8 -10.11  +0.1      -6.6       +25.8 |   78%  -10.1    -3.5    -7.9  +1.6 +1.22 | 
5bp      10   60 | tune           36599   80%   -8.4 -3.55   -10.5   -4.0 |  -15.7 -6.12  -1.7      -8.6       +25.3 |   78%   -9.9    -3.5    -7.8  -0.3 -0.14 | 
5bp      10  eod | tune           42868   79%  -11.7 -2.19   -14.8   -9.7 |  -21.5 -3.41  -7.6     -14.7       +19.5 |   78%  -14.8    -9.6   -11.5  +0.5 -0.01 | 
10bp      2   15 | tune           43695   37%   -3.3 -5.65    -9.1   -1.2 |  -13.5 -16.54  +0.4     -11.1        +7.1 |   34%  -10.4    -2.6    -3.6  +0.4 +0.67 | 
10bp      2   30 | tune           41751   37%   -3.4 -3.72    -9.1   -1.6 |  -13.9 -10.36  +0.1     -11.1        +6.6 |   34%  -11.7    -4.1    -4.0  +0.7 +0.68 | 
10bp      2   60 | tune           37544   38%   -4.6 -2.62   -12.2   -4.9 |  -16.0 -6.28  -2.0     -14.5        +5.5 |   35%  -10.9    -3.6    -3.8  -0.7 -0.42 | 
10bp      2  eod | tune           43695   37%   -6.6 -1.85   -18.0  -12.1 |  -21.3 -3.43  -7.4     -22.1        +1.1 |   35%  -18.8   -13.0    -6.5  +0.1 -0.05 | 
10bp      5   15 | tune           43695   54%   -4.6 -6.86    -8.6   -1.2 |  -13.5 -16.54  +0.4     -11.1       +13.7 |   51%   -9.4    -2.1    -4.9  +0.4 +0.48 | 
10bp      5   30 | tune           41324   54%   -4.9 -4.51    -9.1   -2.0 |  -13.8 -10.29  +0.1     -11.6       +13.5 |   52%  -10.4    -3.2    -5.4  +0.8 +0.61 | 
10bp      5   60 | tune           37154   54%   -6.4 -3.02   -11.7   -4.7 |  -16.0 -6.26  -2.0     -14.2       +12.5 |   52%  -10.1    -3.1    -5.3  -0.7 -0.34 | 
10bp      5  eod | tune           43695   54%   -8.8 -1.99   -16.4  -10.8 |  -21.3 -3.43  -7.4     -20.8        +8.0 |   51%  -17.2   -11.7    -8.8  +1.1 +0.17 | 
10bp     10   15 | tune           42868   65%   -5.2 -7.08    -8.1   -1.0 |  -13.5 -16.00  +0.5     -11.0       +21.6 |   63%   -9.8    -2.7    -6.2  +1.2 +1.57 | 
10bp     10   30 | tune           40664   65%   -5.5 -4.72    -8.5   -1.6 |  -13.8 -10.11  +0.1     -11.2       +21.2 |   63%  -10.2    -3.4    -6.5  +1.2 +0.87 | 
10bp     10   60 | tune           36599   66%   -7.0 -3.07   -10.6   -3.8 |  -15.7 -6.12  -1.7     -13.3       +20.4 |   64%  -10.6    -3.9    -6.8  -0.0 -0.04 | 
10bp     10  eod | tune           42868   65%   -9.9 -2.03   -15.2   -9.8 |  -21.5 -3.41  -7.6     -19.8       +15.1 |   63%  -16.3   -10.9   -10.3  +1.0 +0.09 | 
20bp      2   15 | tune           43695   18%   -1.9 -4.50   -11.0   -1.8 |  -13.5 -16.54  +0.4     -21.4        +5.0 |   16%  -14.1    -5.1    -2.3  +0.6 +1.30 | 
20bp      2   30 | tune           41751   18%   -1.9 -2.99   -10.9   -2.2 |  -13.9 -10.36  +0.1     -21.4        +4.7 |   16%  -14.4    -5.8    -2.3  +0.5 +0.64 | 
20bp      2   60 | tune           37544   18%   -2.9 -2.29   -16.0   -7.5 |  -16.0 -6.28  -2.0     -26.8        +3.6 |   17%  -14.1    -5.7    -2.3  -0.4 -0.37 | 
20bp      2  eod | tune           43695   18%   -4.3 -1.82   -24.6  -17.9 |  -21.3 -3.43  -7.4     -37.8        -0.9 |   16%  -22.7   -16.0    -3.6  -0.0 -0.10 | 
20bp      5   15 | tune           43695   31%   -2.9 -5.07    -9.3   -1.0 |  -13.5 -16.54  +0.4     -20.9       +10.1 |   29%  -11.7    -3.4    -3.4  +0.7 +1.13 | 
20bp      5   30 | tune           41324   31%   -3.1 -3.52   -10.0   -2.0 |  -13.8 -10.29  +0.1     -21.4        +9.9 |   29%  -11.4    -3.6    -3.3  +0.5 +0.44 | 
20bp      5   60 | tune           37154   32%   -4.6 -2.63   -14.3   -6.5 |  -16.0 -6.26  -2.0     -25.5        +9.2 |   30%  -11.9    -4.2    -3.6  -0.8 -0.47 | 
20bp      5  eod | tune           43695   31%   -6.6 -1.94   -21.1  -14.9 |  -21.3 -3.43  -7.4     -34.8        +5.0 |   29%  -18.4   -12.2    -5.4  -0.6 -0.25 | 
20bp     10   15 | tune           42868   43%   -3.7 -5.94    -8.6   -0.8 |  -13.5 -16.00  +0.5     -20.6       +16.4 |   41%  -10.3    -2.6    -4.3  +0.7 +1.04 | 
20bp     10   30 | tune           40664   44%   -4.0 -4.11    -9.2   -1.6 |  -13.8 -10.11  +0.1     -21.1       +16.4 |   42%  -11.1    -3.7    -4.6  +0.9 +0.79 | 
20bp     10   60 | tune           36599   44%   -5.5 -2.81   -12.3   -4.9 |  -15.7 -6.12  -1.7     -24.0       +16.0 |   42%  -11.0    -3.6    -4.7  -0.6 -0.36 | 
20bp     10  eod | tune           42868   43%   -7.9 -1.98   -18.3  -12.4 |  -21.5 -3.41  -7.6     -32.4       +11.3 |   41%  -19.1   -13.3    -7.9  +0.7 +0.08 | 
40bp      2   15 | tune           43695    6%   -0.8 -3.39   -14.8   -3.8 |  -13.5 -16.54  +0.4     -42.8        +3.0 |    5%  -16.6    -5.6    -0.8  +0.1 +0.29 | 
40bp      2   30 | tune           41751    6%   -0.9 -2.48   -16.1   -5.6 |  -13.9 -10.36  +0.1     -43.0        +2.7 |    5%  -19.4    -8.8    -1.0  +0.2 +0.46 | 
40bp      2   60 | tune           37544    6%   -1.4 -1.80   -22.9  -12.9 |  -16.0 -6.28  -2.0     -52.0        +1.3 |    5%  -12.0    -2.3    -0.6  -0.7 -1.04 | 
40bp      2  eod | tune           43695    6%   -2.1 -1.71   -37.3  -29.4 |  -21.3 -3.43  -7.4     -69.3        -3.6 |    5%  -37.1   -29.5    -1.8  -0.2 -0.24 | 
40bp      5   15 | tune           43695   13%   -1.3 -3.20   -10.4   -0.6 |  -13.5 -16.54  +0.4     -40.1        +6.4 |   11%  -13.7    -4.1    -1.6  +0.5 +1.17 | 
40bp      5   30 | tune           41324   13%   -1.7 -2.79   -12.8   -3.5 |  -13.8 -10.29  +0.1     -41.6        +6.3 |   12%  -15.2    -5.8    -1.8  +0.4 +0.53 | 
40bp      5   60 | tune           37154   14%   -2.5 -2.04   -18.3   -9.3 |  -16.0 -6.26  -2.0     -48.1        +5.3 |   12%  -15.9    -7.1    -1.9  -0.3 -0.22 | 
40bp      5  eod | tune           43695   13%   -3.9 -1.85   -30.3  -23.2 |  -21.3 -3.43  -7.4     -63.1        +0.8 |   12%  -27.7   -20.7    -3.2  -0.4 -0.25 | 
40bp     10   15 | tune           42868   21%   -2.0 -3.94    -9.4   -0.4 |  -13.5 -16.00  +0.5     -40.1       +11.1 |   20%  -11.9    -3.0    -2.3  +0.5 +0.98 | 
40bp     10   30 | tune           40664   21%   -2.3 -3.09   -11.0   -2.4 |  -13.8 -10.11  +0.1     -40.8       +11.1 |   20%  -13.2    -4.7    -2.6  +0.4 +0.38 | 
40bp     10   60 | tune           36599   22%   -3.5 -2.27   -15.7   -7.4 |  -15.7 -6.12  -1.7     -45.8       +10.7 |   20%  -11.9    -3.7    -2.4  -1.0 -0.71 | 
40bp     10  eod | tune           42868   21%   -5.0 -1.83   -24.1  -17.5 |  -21.5 -3.41  -7.6     -57.4        +5.6 |   20%  -22.9   -16.3    -4.5  +0.2 -0.05 | 
0.25ATR   2   15 | tune           43695   44%   -3.5 -9.05    -8.1   -1.6 |  -13.5 -16.54  +0.4     -12.0       +10.1 |   42%   -8.6    -2.2    -3.7  +0.2 +0.45 | 
0.25ATR   2   30 | tune           41751   43%   -3.5 -5.47    -8.1   -1.9 |  -13.9 -10.36  +0.1     -12.3        +9.6 |   42%   -9.1    -2.8    -3.8  +0.2 +0.24 | 
0.25ATR   2   60 | tune           37544   43%   -4.5 -3.63   -10.6   -4.5 |  -16.0 -6.28  -2.0     -15.6        +8.2 |   41%   -9.8    -3.7    -4.0  -0.6 -0.56 | 
0.25ATR   2  eod | tune           43695   44%   -6.1 -2.26   -14.0   -9.1 |  -21.3 -3.43  -7.4     -19.8        +2.3 |   43%  -12.3    -7.4    -5.3  -0.7 -0.31 | 
0.25ATR   5   15 | tune           43695   63%   -4.8 -8.87    -7.7   -1.2 |  -13.5 -16.54  +0.4     -11.9       +21.0 |   61%   -8.5    -2.0    -5.2  +0.5 +0.85 | 
0.25ATR   5   30 | tune           41324   62%   -5.1 -5.60    -8.1   -1.9 |  -13.8 -10.29  +0.1     -12.5       +20.8 |   61%   -9.0    -2.6    -5.5  +0.6 +0.54 | 
0.25ATR   5   60 | tune           37154   62%   -6.4 -3.63   -10.3   -4.2 |  -16.0 -6.26  -2.0     -15.3       +19.3 |   60%   -9.6    -3.4    -5.8  -0.5 -0.32 | 
0.25ATR   5  eod | tune           43695   63%   -8.6 -2.25   -13.7   -8.8 |  -21.3 -3.43  -7.4     -19.6       +13.0 |   61%  -11.2    -6.3    -6.9  -1.5 -0.46 | 
0.25ATR  10   15 | tune           42868   73%   -5.4 -8.73    -7.4   -1.0 |  -13.5 -16.00  +0.5     -11.8       +33.3 |   72%   -8.8    -2.3    -6.4  +1.1 +1.61 | 
0.25ATR  10   30 | tune           40664   73%   -5.7 -5.51    -7.9   -1.5 |  -13.8 -10.11  +0.1     -12.3       +32.9 |   72%   -9.1    -2.7    -6.6  +0.9 +0.74 | 
0.25ATR  10   60 | tune           36599   72%   -6.9 -3.41    -9.5   -3.3 |  -15.7 -6.12  -1.7     -14.5       +31.5 |   71%   -9.6    -3.3    -6.8  +0.0 -0.03 | 
0.25ATR  10  eod | tune           42868   73%   -9.5 -2.15   -13.1   -8.2 |  -21.5 -3.41  -7.6     -19.1       +23.3 |   72%  -13.4    -8.4    -9.6  +0.3 -0.03 | 
0.5ATR    2   15 | tune           43695   18%   -1.4 -7.40    -7.8   -1.0 |  -13.5 -16.54  +0.4     -20.5        +4.9 |   17%   -9.3    -2.3    -1.6  +0.2 +1.03 | 
0.5ATR    2   30 | tune           41751   17%   -1.2 -4.20    -7.2   -0.6 |  -13.9 -10.36  +0.1     -20.0        +4.2 |   16%  -11.2    -4.7    -1.8  +0.7 +2.06 | 
0.5ATR    2   60 | tune           37544   16%   -1.5 -2.92    -9.4   -3.0 |  -16.0 -6.28  -2.0     -23.7        +2.2 |   16%   -9.0    -2.7    -1.4  -0.1 -0.09 | 
0.5ATR    2  eod | tune           43695   18%   -2.2 -2.03   -12.7   -7.5 |  -21.3 -3.43  -7.4     -26.8        -3.3 |   17%  -13.7    -8.5    -2.3  +0.1 +0.06 | 
0.5ATR    5   15 | tune           43695   37%   -2.8 -7.75    -7.4   -0.9 |  -13.5 -16.54  +0.4     -21.0       +13.1 |   36%   -9.1    -2.4    -3.3  +0.5 +1.38 | 
0.5ATR    5   30 | tune           41324   37%   -2.7 -4.73    -7.4   -1.0 |  -13.8 -10.29  +0.1     -21.4       +12.5 |   36%   -8.9    -2.5    -3.2  +0.6 +1.02 | 
0.5ATR    5   60 | tune           37154   36%   -3.6 -3.31    -9.9   -3.7 |  -16.0 -6.26  -2.0     -25.0       +10.8 |   34%   -9.4    -3.1    -3.2  -0.4 -0.46 | 
0.5ATR    5  eod | tune           43695   37%   -5.0 -2.17   -13.3   -8.3 |  -21.3 -3.43  -7.4     -28.7        +5.3 |   36%  -14.0    -9.0    -5.0  +0.3 +0.05 | 
0.5ATR   10   15 | tune           42868   52%   -3.7 -7.80    -7.2   -0.7 |  -13.5 -16.00  +0.5     -21.4       +24.0 |   51%   -8.6    -2.0    -4.4  +0.8 +1.53 | 
0.5ATR   10   30 | tune           40664   51%   -3.7 -4.90    -7.3   -0.9 |  -13.8 -10.11  +0.1     -21.8       +23.3 |   51%   -8.6    -2.3    -4.3  +0.7 +0.77 | 
0.5ATR   10   60 | tune           36599   51%   -4.6 -3.17    -9.2   -2.9 |  -15.7 -6.12  -1.7     -24.7       +21.8 |   50%   -8.6    -2.3    -4.3  -0.3 -0.23 | 
0.5ATR   10  eod | tune           42868   52%   -6.4 -2.08   -12.4   -7.5 |  -21.5 -3.41  -7.6     -28.4       +14.9 |   51%  -12.9    -7.9    -6.6  +0.5 +0.06 | 
Promoted P cells: 0

===== V1-V3, L (/tmp/e4_L_report.txt) =====

## Universe L — LONG cells (net bp/trade; t day-clustered)
signal                   feed hold | tune n    net     t | val n    net     t | T+V t excess  t_ex   rand sameday | promo
V1 pace>=1.6             iex    15 |  17774   -7.3 -14.44 |  5375   -6.0 -7.17 | -16.09   +0.5 -1.20   -7.5    -4.3 | 
V1 pace>=1.6             iex    30 |  17083   -7.0 -9.96 |  5177   -5.6 -3.84 | -10.29   +1.0 -1.92   -7.6    -3.1 | 
V1 pace>=1.6             iex    60 |  15661   -5.8 -6.25 |  4770   -5.6 -2.85 | -6.73   +2.5 -1.30   -8.2    -2.0 | 
V1 pace>=1.6             iex   120 |  12884   -4.1 -3.63 |  3918   -6.3 -2.38 | -4.35   +3.8 -1.48   -8.5    -0.2 | 
V1 pace>=1.6             iex   eod |  17774   -6.1 -3.37 |  5375   -2.7 -1.73 | -3.75   +3.4 -1.36   -8.6    -2.2 | 
V1 pace>=1.6             sip    15 |  13092   -7.3 -6.40 |  3649   -6.6 -4.79 | -7.80   +0.4 -2.62   -7.5    -4.1 | 
V1 pace>=1.6             sip    30 |  12598   -6.8 -5.30 |  3517   -6.1 -3.42 | -6.30   +1.2 -2.93   -7.8    -2.9 | 
V1 pace>=1.6             sip    60 |  11584   -5.2 -4.37 |  3251   -6.0 -3.03 | -5.31   +2.7 -2.73   -8.1    -1.6 | 
V1 pace>=1.6             sip   120 |   9570   -2.9 -3.46 |  2702   -6.2 -2.54 | -4.28   +4.7 -2.75   -8.3    +1.1 | 
V1 pace>=1.6             sip   eod |  13092   -9.0 -3.72 |  3649   -0.2 -1.87 | -4.15   +1.5 -2.76   -8.5    -3.8 | 
V1 pace>=2               iex    15 |   8856   -7.7 -8.95 |  2404   -6.7 -4.26 | -9.68   +0.7 -1.36   -8.2    -4.6 | 
V1 pace>=2               iex    30 |   8544   -7.1 -5.65 |  2332   -6.1 -3.22 | -6.47   +1.3 -1.88   -8.1    -3.2 | 
V1 pace>=2               iex    60 |   7878   -5.1 -4.05 |  2181   -5.4 -2.77 | -4.92   +3.3 -0.90   -8.5    -1.1 | 
V1 pace>=2               iex   120 |   6497   -1.8 -2.59 |  1854   -4.6 -2.12 | -3.33   +6.5 -1.35   -8.9    +2.6 | 
V1 pace>=2               iex   eod |   8856   -5.2 -2.32 |  2404   +1.2 -1.44 | -2.73   +5.4 -1.15   -9.2    -0.6 | 
V1 pace>=2               sip    15 |   5963   -8.8 -6.95 |  1399   -8.8 -3.98 | -7.99   +0.0 -3.22   -8.8    -4.8 | 
V1 pace>=2               sip    30 |   5766   -8.4 -5.09 |  1360   -8.0 -3.21 | -6.03   +0.2 -2.79   -8.6    -3.5 | 
V1 pace>=2               sip    60 |   5368   -5.9 -3.85 |  1277   -7.1 -2.49 | -4.58   +2.7 -2.39   -8.8    -0.9 | 
V1 pace>=2               sip   120 |   4532   -0.5 -2.72 |  1097   -6.5 -2.11 | -3.42   +7.8 -1.81   -9.4    +3.9 | 
V1 pace>=2               sip   eod |   5963   -9.3 -3.23 |  1399   +5.0 -1.46 | -3.47   +2.5 -2.44   -9.1    -2.6 | 
V1 pace>=3               iex    15 |   2313   -8.2 -6.41 |   400  -11.9 -3.66 | -7.32   +0.3 -3.71   -9.1    -5.1 | 
V1 pace>=3               iex    30 |   2250   -5.5 -5.64 |   390  -13.6 -3.41 | -6.56   +3.0 -2.91   -9.7    -2.1 | 
V1 pace>=3               iex    60 |   2114   +0.6 -2.82 |   372  -11.1 -2.18 | -3.56   +9.7 -1.19  -10.9    +2.8 | 
V1 pace>=3               iex   120 |   1809  +10.5 -1.55 |   339  -17.2 -1.66 | -2.25  +15.7 -0.64   -9.6   +11.9 | 
V1 pace>=3               iex   eod |   2313   +0.6 -1.70 |   400   -6.6 -1.48 | -2.26   +9.1 -1.16   -9.5    +3.1 | 
V1 pace>=3               sip    15 |   1704   -7.6 -4.04 |   319  -11.1 -3.41 | -5.17   +0.4 -2.63   -8.6    -4.9 | 
V1 pace>=3               sip    30 |   1665   -5.5 -4.05 |   311  -12.2 -3.04 | -5.02   +1.9 -3.07   -8.4    -1.3 | 
V1 pace>=3               sip    60 |   1583   +1.2 -2.85 |   293   -9.8 -2.60 | -3.80   +9.5 -2.06  -10.0    +5.0 | 
V1 pace>=3               sip   120 |   1376  +13.9 -1.58 |   258  -11.7 -2.12 | -2.50  +18.1 -1.54   -8.2   +15.4 | 
V1 pace>=3               sip   eod |   1704   -0.9 -2.01 |   319  +26.4 -1.61 | -2.58  +14.6 -1.49  -11.1    +7.9 | 
V2 1m v>=3x hi15         iex    15 |  44280   -8.9 -20.57 | 13162   -8.0 -12.69 | -24.05   -0.2 -1.02   -8.5    -3.9 | 
V2 1m v>=3x hi15         iex    30 |  42386   -8.9 -15.35 | 12543   -8.0 -9.48 | -17.94   +0.0 -0.65   -8.7    -1.5 | 
V2 1m v>=3x hi15         iex    60 |  38004   -9.5 -10.95 | 11446   -8.3 -6.41 | -12.67   -0.5 -1.65   -8.7    +0.4 | 
V2 1m v>=3x hi15         iex   120 |  29469  -10.3 -6.98 |  8915   -6.6 -3.24 | -7.68   -0.4 -1.28   -9.0    +0.7 | 
V2 1m v>=3x hi15         iex   eod |  44280   -9.6 -4.81 | 13162   -9.4 -2.91 | -5.63   -0.3 -1.30   -9.3    -0.4 | 
V2 1m v>=3x hi15         sip    15 |  19862   -8.0 -14.25 |  6815   -6.7 -7.67 | -16.19   +0.2 -0.56   -7.8    -1.3 | 
V2 1m v>=3x hi15         sip    30 |  19125   -7.3 -11.25 |  6529   -6.8 -6.82 | -13.14   +0.6 -0.36   -7.8    +2.7 | 
V2 1m v>=3x hi15         sip    60 |  17162   -8.0 -8.88 |  5935   -7.7 -5.35 | -10.35   +0.2 -1.52   -8.1    +5.2 | 
V2 1m v>=3x hi15         sip   120 |  13309   -8.9 -6.03 |  4674   -7.2 -3.62 | -7.02   +0.2 -1.37   -8.7    +5.4 | 
V2 1m v>=3x hi15         sip   eod |  19862   -8.4 -4.71 |  6815   -9.4 -3.11 | -5.64   +0.2 -1.58   -8.9    +3.9 | 
V2 1m v>=3x hi30         iex    15 |  31583   -8.6 -18.69 |  9260   -7.7 -10.63 | -21.48   -0.2 -1.24   -8.2    -2.1 | 
V2 1m v>=3x hi30         iex    30 |  30145   -8.5 -14.09 |  8816   -7.7 -8.23 | -16.30   +0.2 -0.99   -8.5    +1.4 | 
V2 1m v>=3x hi30         iex    60 |  26938   -9.2 -10.58 |  8047   -8.2 -5.93 | -12.13   -0.0 -1.61   -8.9    +3.6 | 
V2 1m v>=3x hi30         iex   120 |  20769   -9.8 -6.98 |  6206   -5.9 -3.11 | -7.62   +0.3 -1.38   -9.1    +4.3 | 
V2 1m v>=3x hi30         iex   eod |  31583   -9.2 -5.02 |  9260   -9.4 -3.10 | -5.90   -0.1 -1.74   -9.1    +2.6 | 
V2 1m v>=3x hi30         sip    15 |  15162   -7.5 -13.14 |  5138   -6.1 -6.58 | -14.68   +0.4 -0.38   -7.6    +0.5 | 
V2 1m v>=3x hi30         sip    30 |  14602   -6.7 -10.45 |  4921   -6.5 -6.13 | -12.13   +0.8 -0.60   -7.4    +5.3 | 
V2 1m v>=3x hi30         sip    60 |  13063   -7.5 -8.56 |  4482   -7.2 -5.25 | -10.02   +0.5 -1.70   -8.0    +8.1 | 
V2 1m v>=3x hi30         sip   120 |  10085   -8.3 -5.97 |  3533   -6.1 -3.37 | -6.86   +0.7 -1.74   -8.4    +8.9 | 
V2 1m v>=3x hi30         sip   eod |  15162   -8.0 -4.97 |  5138   -9.3 -3.22 | -5.92   -0.1 -2.24   -8.2    +6.6 | 
V2 1m v>=5x hi15         iex    15 |  19808  -10.2 -18.53 |  5544   -8.4 -9.83 | -20.97   -0.6 -1.39   -9.2    -5.0 | 
V2 1m v>=5x hi15         iex    30 |  19007  -10.1 -14.84 |  5333   -8.6 -8.29 | -17.01   -0.5 -1.24   -9.2    -2.5 | 
V2 1m v>=5x hi15         iex    60 |  17150  -10.8 -10.84 |  4900   -8.9 -6.40 | -12.57   -0.8 -1.62   -9.5    -0.9 | 
V2 1m v>=5x hi15         iex   120 |  13226  -12.0 -7.26 |  3793   -7.2 -3.73 | -8.16   -1.0 -1.45  -10.0    -1.0 | 
V2 1m v>=5x hi15         iex   eod |  19808  -11.1 -5.14 |  5544   -9.7 -3.23 | -6.07   -1.0 -1.58   -9.8    -1.7 | 
V2 1m v>=5x hi15         sip    15 |   6928   -7.6 -10.76 |  2488   -4.4 -4.30 | -11.39   +0.8 +0.12   -7.5    -1.1 | 
V2 1m v>=5x hi15         sip    30 |   6688   -6.8 -8.53 |  2408   -4.5 -4.14 | -9.47   +1.7 +0.66   -7.9    +3.5 | 
V2 1m v>=5x hi15         sip    60 |   5994   -7.8 -7.85 |  2203   -4.9 -3.49 | -8.57   +1.7 +0.28   -8.7    +5.8 | 
V2 1m v>=5x hi15         sip   120 |   4575   -9.2 -5.62 |  1735   -1.9 -2.10 | -5.94   +1.3 -0.91   -8.5    +6.8 | 
V2 1m v>=5x hi15         sip   eod |   6928   -8.2 -4.56 |  2488   -6.5 -2.49 | -5.21   +0.9 -1.47   -8.6    +4.8 | 
V2 1m v>=5x hi30         iex    15 |  14186   -9.9 -17.03 |  3899   -8.1 -8.86 | -19.19   -0.3 -1.07   -9.2    -3.2 | 
V2 1m v>=5x hi30         iex    30 |  13584   -9.7 -13.90 |  3749   -8.5 -7.96 | -16.04   -0.2 -1.36   -9.2    +0.1 | 
V2 1m v>=5x hi30         iex    60 |  12232  -10.3 -10.22 |  3440   -9.3 -6.58 | -12.10   -0.7 -2.04   -9.4    +1.9 | 
V2 1m v>=5x hi30         iex   120 |   9381  -11.3 -6.98 |  2647   -7.0 -3.91 | -8.00   -0.3 -1.63  -10.1    +2.9 | 
V2 1m v>=5x hi30         iex   eod |  14186  -10.5 -5.19 |  3899  -10.1 -3.45 | -6.21   -0.7 -1.92   -9.7    +1.4 | 
V2 1m v>=5x hi30         sip    15 |   5302   -7.4 -10.35 |  1906   -3.5 -3.89 | -10.80   +1.3 +0.41   -7.7    +0.6 | 
V2 1m v>=5x hi30         sip    30 |   5116   -6.4 -8.31 |  1848   -3.7 -3.76 | -9.09   +2.1 +0.61   -7.8    +6.0 | 
V2 1m v>=5x hi30         sip    60 |   4581   -7.9 -7.86 |  1703   -4.0 -3.25 | -8.46   +1.3 -1.12   -8.2    +9.0 | 
V2 1m v>=5x hi30         sip   120 |   3466   -9.0 -5.47 |  1340   -0.1 -2.10 | -5.80   +2.0 -1.13   -8.5   +10.3 | 
V2 1m v>=5x hi30         sip   eod |   5302   -7.6 -4.68 |  1906   -5.4 -2.45 | -5.29   +1.6 -1.64   -8.7    +8.1 | 
V2 5m v>=3x hi15         iex    15 |   6136   -8.5 -12.70 |  1792   -7.3 -7.66 | -14.83   +0.1 -1.22   -8.4    -2.1 | 
V2 5m v>=3x hi15         iex    30 |   5461   -9.1 -10.56 |  1568   -8.7 -6.48 | -12.40   -0.2 -1.39   -8.8    +0.5 | 
V2 5m v>=3x hi15         iex    60 |   4518   -9.7 -8.04 |  1301   -8.5 -3.76 | -8.79   -0.0 -0.65   -9.4    +2.7 | 
V2 5m v>=3x hi15         iex   120 |   3032  -11.4 -5.11 |   916   -7.0 -3.24 | -6.06   -1.0 -1.57   -9.3    +3.0 | 
V2 5m v>=3x hi15         iex   eod |   6136   -9.2 -5.37 |  1792   -9.5 -3.24 | -6.29   -0.3 -1.93   -8.9    +2.5 | 
V2 5m v>=3x hi15         sip    15 |   2966   -6.0 -6.85 |  1056   -3.6 -5.05 | -8.27   +1.6 -0.22   -7.0    +1.5 | 
V2 5m v>=3x hi15         sip    30 |   2700   -6.3 -5.42 |   976   -3.5 -3.05 | -6.20   +2.0 +0.09   -7.6    +5.6 | 
V2 5m v>=3x hi15         sip    60 |   2288   -6.7 -4.71 |   830   -5.5 -2.54 | -5.36   +1.5 -0.26   -7.9    +8.5 | 
V2 5m v>=3x hi15         sip   120 |   1558   -7.8 -3.28 |   598   -4.0 -2.76 | -4.24   +1.3 -1.11   -8.1   +10.2 | 
V2 5m v>=3x hi15         sip   eod |   2966   -6.8 -5.17 |  1056   -7.3 -2.95 | -5.95   +1.2 -2.59   -8.1    +7.8 | 
V2 5m v>=3x hi30         iex    15 |   4982   -8.5 -11.79 |  1434   -6.5 -6.62 | -13.52   +0.4 -0.78   -8.4    -0.9 | 
V2 5m v>=3x hi30         iex    30 |   4420   -9.1 -9.62 |  1264   -7.9 -5.11 | -10.91   -0.5 -1.43   -8.4    +2.1 | 
V2 5m v>=3x hi30         iex    60 |   3659   -9.8 -7.49 |  1073   -8.9 -3.56 | -8.24   +0.0 -0.76   -9.6    +5.0 | 
V2 5m v>=3x hi30         iex   120 |   2461  -11.2 -4.70 |   773   -6.5 -2.97 | -5.57   -0.9 -1.44   -9.2    +5.1 | 
V2 5m v>=3x hi30         iex   eod |   4982   -8.7 -5.31 |  1434   -9.1 -3.09 | -6.16   +0.5 -1.86   -9.3    +4.8 | 
V2 5m v>=3x hi30         sip    15 |   2507   -5.7 -6.22 |   881   -3.4 -4.71 | -7.57   +2.2 +0.22   -7.3    +3.1 | 
V2 5m v>=3x hi30         sip    30 |   2272   -5.8 -4.96 |   814   -3.3 -2.72 | -5.66   +2.1 -0.04   -7.2    +7.6 | 
V2 5m v>=3x hi30         sip    60 |   1923   -6.6 -4.61 |   698   -6.9 -2.83 | -5.42   +1.1 -1.11   -7.8   +10.5 | 
V2 5m v>=3x hi30         sip   120 |   1316   -8.3 -3.36 |   513   -3.7 -2.33 | -4.09   +1.9 -0.54   -9.0   +11.9 | 
V2 5m v>=3x hi30         sip   eod |   2507   -5.9 -5.09 |   881   -7.2 -2.96 | -5.88   +2.9 -2.11   -9.1   +10.4 | 
V2 5m v>=5x hi15         iex    15 |   1582   -8.0 -7.11 |   409   -5.3 -4.08 | -8.21   +0.9 -0.57   -8.4    -2.8 | 
V2 5m v>=5x hi15         iex    30 |   1433   -8.7 -5.79 |   369   -7.4 -3.68 | -6.88   +0.8 +0.00   -9.2    +0.4 | 
V2 5m v>=5x hi15         iex    60 |   1216  -10.8 -4.77 |   301   -5.8 -2.46 | -5.32   +0.1 -0.62   -9.9    +3.4 | 
V2 5m v>=5x hi15         iex   120 |    818  -11.4 -2.87 |   198   -5.2 -2.08 | -3.55   -1.5 -1.23   -8.7    +3.3 | 
V2 5m v>=5x hi15         iex   eod |   1582   -8.8 -4.03 |   409   -9.8 -2.53 | -4.75   +0.4 -1.46   -9.5    +2.9 | 
V2 5m v>=5x hi15         sip    15 |    867   -6.0 -2.84 |   295   -1.3 -1.92 | -3.34   +1.6 -0.07   -6.5    +1.3 | 
V2 5m v>=5x hi15         sip    30 |    805   -6.3 -2.39 |   279   -1.9 -1.77 | -2.93   +1.9 +0.14   -7.1    +7.4 | 
V2 5m v>=5x hi15         sip    60 |    688   -8.3 -3.05 |   233   +1.6 -0.82 | -2.97   +1.8 -0.06   -7.7   +10.4 | 
V2 5m v>=5x hi15         sip   120 |    463   -7.7 -0.82 |   155   +0.8 -1.49 | -1.40   +5.4 +1.19  -11.0   +15.2 | 
V2 5m v>=5x hi15         sip   eod |    867   -7.2 -2.89 |   295   -1.0 -1.87 | -3.45   +2.5 -1.17   -8.1    +9.7 | 
V2 5m v>=5x hi30         iex    15 |   1361   -8.2 -6.05 |   339   -4.2 -3.13 | -6.83   +1.5 +0.40   -9.0    -0.9 | 
V2 5m v>=5x hi30         iex    30 |   1228   -8.7 -4.70 |   308   -6.1 -2.74 | -5.45   +1.3 +0.19   -9.4    +2.0 | 
V2 5m v>=5x hi30         iex    60 |   1053  -11.1 -3.74 |   259   -6.7 -2.42 | -4.46   -1.2 -0.76   -9.0    +4.2 | 
V2 5m v>=5x hi30         iex   120 |    706  -11.3 -2.16 |   173   -6.8 -2.34 | -3.12   +0.7 -0.93  -11.1    +5.1 | 
V2 5m v>=5x hi30         iex   eod |   1361   -8.7 -3.57 |   339   -9.7 -2.34 | -4.28   +0.5 -1.37   -9.4    +4.9 | 
V2 5m v>=5x hi30         sip    15 |    732   -6.2 -2.76 |   239   -0.7 -1.65 | -3.20   +1.4 -0.40   -6.2    +2.1 | 
V2 5m v>=5x hi30         sip    30 |    678   -5.6 -1.85 |   226   -1.3 -1.36 | -2.29   +2.5 +0.50   -7.0    +9.2 | 
V2 5m v>=5x hi30         sip    60 |    579   -8.5 -2.60 |   189   +1.8 -0.60 | -2.39   +1.0 -0.48   -7.0   +11.6 | 
V2 5m v>=5x hi30         sip   120 |    394   -7.9 -0.36 |   130   +4.0 -0.86 | -0.71   +3.4 +0.63   -8.3   +16.9 | 
V2 5m v>=5x hi30         sip   eod |    732   -6.2 -2.12 |   239   +0.9 -1.54 | -2.63   +3.4 -0.84   -7.9   +11.3 | 
V3 ABS                   iex    15 |  56437   -8.9 -24.26 | 17283   -8.1 -18.57 | -29.41   -0.2 -0.03   -8.5   -11.8 | 
V3 ABS                   iex    30 |  53980   -9.2 -16.11 | 16572   -8.9 -12.58 | -19.81   -0.4 -0.13   -8.7   -13.5 | 
V3 ABS                   iex    60 |  49025   -9.6 -9.05 | 15027   -9.5 -7.75 | -11.35   -0.6 -0.01   -9.0   -15.1 | 
V3 ABS                   iex   120 |  38871  -10.3 -4.86 | 11948  -10.7 -4.49 | -6.24   -1.2 -0.02   -9.2   -16.2 | 
V3 ABS                   iex   eod |  56437   -9.8 -3.12 | 17283  -10.4 -2.56 | -3.95   -0.5 +0.53   -9.5   -15.2 | 
V3 ABS                   sip    15 |  15625   -8.0 -17.85 |  5171   -6.7 -11.39 | -20.84   -0.2 +0.09   -7.5   -11.2 | 
V3 ABS                   sip    30 |  14919   -8.0 -12.56 |  4936   -7.0 -8.64 | -14.99   -0.2 +0.29   -7.6   -13.1 | 
V3 ABS                   sip    60 |  13617   -8.3 -7.02 |  4475   -7.2 -4.89 | -8.43   -0.3 +0.51   -7.7   -14.5 | 
V3 ABS                   sip   120 |  11043   -8.8 -3.99 |  3706  -10.6 -4.10 | -5.28   -1.0 +0.20   -8.3   -16.5 | 
V3 ABS                   sip   eod |  15625   -8.3 -2.48 |  5171   -9.6 -2.02 | -3.13   -0.1 +0.72   -8.5   -15.0 | 
V3 EFR                   iex    15 | 101768   -7.6 -24.00 | 32542   -7.3 -17.62 | -29.11   +0.0 +0.00   -7.6    -6.6 | 
V3 EFR                   iex    30 |  96438   -7.5 -15.48 | 30758   -7.8 -11.68 | -18.98   +0.2 +0.35   -7.8    -6.1 | 
V3 EFR                   iex    60 |  86203   -7.8 -9.01 | 27501   -8.3 -7.21 | -11.19   +0.2 +0.00   -8.1    -5.7 | 
V3 EFR                   iex   120 |  67322   -8.4 -5.15 | 21273   -8.4 -3.90 | -6.32   -0.2 -0.33   -8.2    -6.0 | 
V3 EFR                   iex   eod | 101768   -7.9 -3.44 | 32542   -9.6 -2.69 | -4.31   +0.1 -0.14   -8.5    -6.3 | 
V3 EFR                   sip    15 |  48171   -8.1 -18.46 | 15752   -7.1 -12.91 | -22.02   -0.0 -0.29   -7.9    -5.4 | 
V3 EFR                   sip    30 |  45882   -8.0 -13.79 | 14916   -7.6 -10.70 | -16.88   +0.1 -0.28   -8.0    -3.8 | 
V3 EFR                   sip    60 |  40753   -8.4 -9.44 | 13249   -7.8 -6.21 | -11.24   -0.0 -0.53   -8.2    -3.0 | 
V3 EFR                   sip   120 |  31113   -9.4 -5.81 | 10127   -7.2 -3.46 | -6.76   -0.0 -0.53   -8.9    -3.1 | 
V3 EFR                   sip   eod |  48171   -9.0 -4.20 | 15752   -9.0 -2.75 | -5.01   -0.2 -0.68   -8.8    -3.9 | 
V3 NS                    iex    15 |  42677   -4.6 -14.64 | 16318   -4.9 -10.44 | -17.74   +0.7 +0.29   -5.3    -0.4 | 
V3 NS                    iex    30 |  41474   -4.3 -9.32 | 15872   -5.5 -6.95 | -11.45   +0.7 -0.81   -5.4    +1.8 | 
V3 NS                    iex    60 |  38804   -3.7 -5.77 | 14986   -5.5 -4.10 | -7.01   +1.4 -0.86   -5.7    +3.0 | 
V3 NS                    iex   120 |  33325   -3.7 -3.75 | 12825   -5.7 -2.62 | -4.53   +1.9 -1.22   -6.2    +3.2 | 
V3 NS                    iex   eod |  42677   -3.7 -3.03 | 16318   -9.5 -2.65 | -3.94   +1.8 -1.42   -7.1    +1.7 | 
V3 NS                    sip    15 |  66238   -7.7 -21.21 | 22447   -7.4 -15.39 | -25.53   +0.5 -0.26   -8.1    -4.1 | 
V3 NS                    sip    30 |  64936   -7.6 -15.42 | 22051   -7.9 -11.03 | -18.60   +0.3 -1.66   -8.0    -2.3 | 
V3 NS                    sip    60 |  61124   -7.5 -9.88 | 21006   -7.9 -6.95 | -11.84   +0.9 -1.39   -8.5    -1.5 | 
V3 NS                    sip   120 |  51379   -7.6 -5.89 | 17823   -8.2 -3.97 | -6.99   +1.1 -1.55   -8.8    -1.4 | 
V3 NS                    sip   eod |  66238   -7.7 -4.34 | 22447  -11.9 -3.26 | -5.36   +0.4 -1.81   -9.2    -2.8 | 

Long cells: 140; t>=2: 0, t<=-2: 138, net>0 pooled: 0  (under pure noise ~2.3% each tail)
Promoted (pre-registered rule): 0

### L short mirror (info; tune+validate pooled): cells with t >= 2

### L detail (tune+validate pooled, long)
  V1 pace>=1.6             iex    15 n 23149 (115.75/d) spr  7.3 gross   +0.4 net   -7.0 med   -5.1 win  41% t -16.09 CI [  -7.9,  -6.1] | rand   -7.5 excess   +0.5 (t -1.20) sameday   -4.3
  V1 pace>=1.6             iex    30 n 22260 (111.30/d) spr  7.4 gross   +0.8 net   -6.6 med   -4.9 win  43% t -10.29 CI [  -8.2,  -5.2] | rand   -7.6 excess   +1.0 (t -1.92) sameday   -3.1
  V1 pace>=1.6             iex    60 n 20431 (102.16/d) spr  7.6 gross   +1.9 net   -5.7 med   -4.1 win  46% t -6.73 CI [  -8.4,  -3.3] | rand   -8.2 excess   +2.5 (t -1.30) sameday   -2.0
  V1 pace>=1.6             iex   120 n 16802 (84.01/d) spr  7.8 gross   +3.2 net   -4.6 med   -3.6 win  48% t -4.35 CI [  -9.9,  -0.1] | rand   -8.5 excess   +3.8 (t -1.48) sameday   -0.2
  V1 pace>=1.6             iex   eod n 23149 (115.75/d) spr  7.3 gross   +2.1 net   -5.3 med   -6.1 win  46% t -3.75 CI [ -12.5,  +1.6] | rand   -8.6 excess   +3.4 (t -1.36) sameday   -2.2
  V1 pace>=1.6             sip    15 n 16741 (83.70/d) spr  7.3 gross   +0.2 net   -7.1 med   -4.8 win  42% t -7.80 CI [  -8.5,  -6.0] | rand   -7.5 excess   +0.4 (t -2.62) sameday   -4.1
  V1 pace>=1.6             sip    30 n 16115 (80.58/d) spr  7.4 gross   +0.7 net   -6.7 med   -4.7 win  44% t -6.30 CI [  -8.8,  -5.0] | rand   -7.8 excess   +1.2 (t -2.93) sameday   -2.9
  V1 pace>=1.6             sip    60 n 14835 (74.17/d) spr  7.6 gross   +2.2 net   -5.4 med   -3.6 win  47% t -5.31 CI [  -9.1,  -2.4] | rand   -8.1 excess   +2.7 (t -2.73) sameday   -1.6
  V1 pace>=1.6             sip   120 n 12272 (61.36/d) spr  7.8 gross   +4.2 net   -3.6 med   -2.9 win  48% t -4.28 CI [ -10.5,  +2.2] | rand   -8.3 excess   +4.7 (t -2.75) sameday   +1.1
  V1 pace>=1.6             sip   eod n 16741 (83.70/d) spr  7.3 gross   +0.2 net   -7.1 med   -6.4 win  46% t -4.15 CI [ -15.9,  +0.9] | rand   -8.5 excess   +1.5 (t -2.76) sameday   -3.8
  V1 pace>=2               iex    15 n 11260 (56.30/d) spr  8.0 gross   +0.5 net   -7.5 med   -5.2 win  41% t -9.68 CI [  -9.0,  -6.2] | rand   -8.2 excess   +0.7 (t -1.36) sameday   -4.6
  V1 pace>=2               iex    30 n 10876 (54.38/d) spr  8.1 gross   +1.3 net   -6.9 med   -5.2 win  44% t -6.47 CI [  -9.3,  -4.8] | rand   -8.1 excess   +1.3 (t -1.88) sameday   -3.2
  V1 pace>=2               iex    60 n 10059 (50.30/d) spr  8.3 gross   +3.2 net   -5.1 med   -3.7 win  47% t -4.92 CI [  -9.3,  -1.8] | rand   -8.5 excess   +3.3 (t -0.90) sameday   -1.1
  V1 pace>=2               iex   120 n  8351 (41.76/d) spr  8.5 gross   +6.1 net   -2.4 med   -2.0 win  49% t -3.33 CI [ -10.0,  +4.3] | rand   -8.9 excess   +6.5 (t -1.35) sameday   +2.6
  V1 pace>=2               iex   eod n 11260 (56.30/d) spr  8.0 gross   +4.2 net   -3.9 med   -5.6 win  47% t -2.73 CI [ -13.3,  +5.6] | rand   -9.2 excess   +5.4 (t -1.15) sameday   -0.6
  V1 pace>=2               sip    15 n  7362 (36.81/d) spr  8.7 gross   -0.1 net   -8.8 med   -5.8 win  42% t -7.99 CI [ -11.1,  -6.9] | rand   -8.8 excess   +0.0 (t -3.22) sameday   -4.8
  V1 pace>=2               sip    30 n  7126 (35.63/d) spr  8.8 gross   +0.5 net   -8.4 med   -6.5 win  43% t -6.03 CI [ -11.7,  -5.4] | rand   -8.6 excess   +0.2 (t -2.79) sameday   -3.5
  V1 pace>=2               sip    60 n  6645 (33.23/d) spr  9.0 gross   +2.8 net   -6.1 med   -4.4 win  46% t -4.58 CI [ -11.7,  -0.7] | rand   -8.8 excess   +2.7 (t -2.39) sameday   -0.9
  V1 pace>=2               sip   120 n  5629 (28.14/d) spr  9.1 gross   +7.5 net   -1.7 med   -2.3 win  49% t -3.42 CI [ -11.2,  +8.0] | rand   -9.4 excess   +7.8 (t -1.81) sameday   +3.9
  V1 pace>=2               sip   eod n  7362 (36.81/d) spr  8.7 gross   +2.2 net   -6.6 med   -9.0 win  46% t -3.47 CI [ -20.7,  +6.1] | rand   -9.1 excess   +2.5 (t -2.44) sameday   -2.6
  V1 pace>=3               iex    15 n  2713 (13.56/d) spr 10.6 gross   +1.9 net   -8.7 med   -5.8 win  42% t -7.32 CI [ -12.8,  -5.2] | rand   -9.1 excess   +0.3 (t -3.71) sameday   -5.1
  V1 pace>=3               iex    30 n  2640 (13.20/d) spr 10.7 gross   +4.1 net   -6.6 med   -5.2 win  45% t -6.56 CI [ -12.0,  -2.0] | rand   -9.7 excess   +3.0 (t -2.91) sameday   -2.1
  V1 pace>=3               iex    60 n  2486 (12.43/d) spr 10.9 gross   +9.7 net   -1.1 med   -1.3 win  49% t -3.56 CI [  -9.9,  +6.2] | rand  -10.9 excess   +9.7 (t -1.19) sameday   +2.8
  V1 pace>=3               iex   120 n  2148 (10.74/d) spr 11.0 gross  +17.2 net   +6.1 med   +2.9 win  51% t -2.25 CI [  -8.4, +20.6] | rand   -9.6 excess  +15.7 (t -0.64) sameday  +11.9
  V1 pace>=3               iex   eod n  2713 (13.56/d) spr 10.6 gross  +10.2 net   -0.4 med   -4.4 win  48% t -2.26 CI [ -20.7, +17.5] | rand   -9.5 excess   +9.1 (t -1.16) sameday   +3.1
  V1 pace>=3               sip    15 n  2023 (10.12/d) spr 10.3 gross   +2.2 net   -8.2 med   -4.4 win  45% t -5.17 CI [ -12.9,  -3.3] | rand   -8.6 excess   +0.4 (t -2.63) sameday   -4.9
  V1 pace>=3               sip    30 n  1976 (9.88/d) spr 10.4 gross   +3.9 net   -6.5 med   -4.5 win  46% t -5.02 CI [ -13.6,  +1.2] | rand   -8.4 excess   +1.9 (t -3.07) sameday   -1.3
  V1 pace>=3               sip    60 n  1876 (9.38/d) spr 10.5 gross  +10.0 net   -0.5 med   +0.4 win  50% t -3.80 CI [ -11.8, +11.2] | rand  -10.0 excess   +9.5 (t -2.06) sameday   +5.0
  V1 pace>=3               sip   120 n  1634 (8.17/d) spr 10.6 gross  +20.5 net   +9.9 med   +7.4 win  53% t -2.50 CI [  -8.4, +29.1] | rand   -8.2 excess  +18.1 (t -1.54) sameday  +15.4
  V1 pace>=3               sip   eod n  2023 (10.12/d) spr 10.3 gross  +13.8 net   +3.4 med   -0.0 win  50% t -2.58 CI [ -23.6, +29.1] | rand  -11.1 excess  +14.6 (t -1.49) sameday   +7.9
  V2 1m v>=3x hi15         iex    15 n 57442 (287.21/d) spr  8.6 gross   -0.1 net   -8.7 med   -7.2 win  34% t -24.05 CI [  -9.4,  -8.0] | rand   -8.5 excess   -0.2 (t -1.02) sameday   -3.9
  V2 1m v>=3x hi15         iex    30 n 54929 (274.64/d) spr  8.7 gross   -0.0 net   -8.7 med   -7.3 win  38% t -17.94 CI [  -9.6,  -7.7] | rand   -8.7 excess   +0.0 (t -0.65) sameday   -1.5
  V2 1m v>=3x hi15         iex    60 n 49450 (247.25/d) spr  8.8 gross   -0.4 net   -9.2 med   -7.7 win  41% t -12.67 CI [ -10.6,  -7.8] | rand   -8.7 excess   -0.5 (t -1.65) sameday   +0.4
  V2 1m v>=3x hi15         iex   120 n 38384 (191.92/d) spr  9.1 gross   -0.3 net   -9.4 med   -7.8 win  43% t -7.68 CI [ -12.2,  -6.9] | rand   -9.0 excess   -0.4 (t -1.28) sameday   +0.7
  V2 1m v>=3x hi15         iex   eod n 57442 (287.21/d) spr  8.6 gross   -1.0 net   -9.6 med   -7.8 win  43% t -5.63 CI [ -13.4,  -5.6] | rand   -9.3 excess   -0.3 (t -1.30) sameday   -0.4
  V2 1m v>=3x hi15         sip    15 n 26677 (133.38/d) spr  7.9 gross   +0.2 net   -7.6 med   -6.5 win  36% t -16.19 CI [  -8.7,  -6.5] | rand   -7.8 excess   +0.2 (t -0.56) sameday   -1.3
  V2 1m v>=3x hi15         sip    30 n 25654 (128.27/d) spr  7.9 gross   +0.8 net   -7.2 med   -6.5 win  40% t -13.14 CI [  -8.4,  -6.0] | rand   -7.8 excess   +0.6 (t -0.36) sameday   +2.7
  V2 1m v>=3x hi15         sip    60 n 23097 (115.48/d) spr  8.0 gross   +0.1 net   -7.9 med   -7.2 win  42% t -10.35 CI [  -9.8,  -6.0] | rand   -8.1 excess   +0.2 (t -1.52) sameday   +5.2
  V2 1m v>=3x hi15         sip   120 n 17983 (89.92/d) spr  8.2 gross   -0.2 net   -8.4 med   -8.0 win  43% t -7.02 CI [ -11.7,  -5.5] | rand   -8.7 excess   +0.2 (t -1.37) sameday   +5.4
  V2 1m v>=3x hi15         sip   eod n 26677 (133.38/d) spr  7.9 gross   -0.8 net   -8.7 med   -7.4 win  43% t -5.64 CI [ -12.9,  -4.0] | rand   -8.9 excess   +0.2 (t -1.58) sameday   +3.9
  V2 1m v>=3x hi30         iex    15 n 40843 (204.22/d) spr  8.4 gross   -0.0 net   -8.4 med   -7.1 win  34% t -21.48 CI [  -9.2,  -7.6] | rand   -8.2 excess   -0.2 (t -1.24) sameday   -2.1
  V2 1m v>=3x hi30         iex    30 n 38961 (194.81/d) spr  8.4 gross   +0.1 net   -8.3 med   -7.1 win  38% t -16.30 CI [  -9.3,  -7.3] | rand   -8.5 excess   +0.2 (t -0.99) sameday   +1.4
  V2 1m v>=3x hi30         iex    60 n 34985 (174.93/d) spr  8.6 gross   -0.3 net   -8.9 med   -7.7 win  41% t -12.13 CI [ -10.5,  -7.4] | rand   -8.9 excess   -0.0 (t -1.61) sameday   +3.6
  V2 1m v>=3x hi30         iex   120 n 26975 (134.88/d) spr  8.8 gross   -0.0 net   -8.9 med   -7.8 win  43% t -7.62 CI [ -11.8,  -6.2] | rand   -9.1 excess   +0.3 (t -1.38) sameday   +4.3
  V2 1m v>=3x hi30         iex   eod n 40843 (204.22/d) spr  8.4 gross   -0.9 net   -9.2 med   -7.6 win  43% t -5.90 CI [ -13.4,  -5.1] | rand   -9.1 excess   -0.1 (t -1.74) sameday   +2.6
  V2 1m v>=3x hi30         sip    15 n 20300 (101.50/d) spr  7.5 gross   +0.4 net   -7.2 med   -6.3 win  36% t -14.68 CI [  -8.4,  -5.7] | rand   -7.6 excess   +0.4 (t -0.38) sameday   +0.5
  V2 1m v>=3x hi30         sip    30 n 19523 (97.61/d) spr  7.6 gross   +1.0 net   -6.7 med   -6.3 win  40% t -12.13 CI [  -8.1,  -5.3] | rand   -7.4 excess   +0.8 (t -0.60) sameday   +5.3
  V2 1m v>=3x hi30         sip    60 n 17545 (87.72/d) spr  7.7 gross   +0.3 net   -7.5 med   -6.9 win  42% t -10.02 CI [  -9.4,  -5.5] | rand   -8.0 excess   +0.5 (t -1.70) sameday   +8.1
  V2 1m v>=3x hi30         sip   120 n 13618 (68.09/d) spr  7.9 gross   +0.2 net   -7.7 med   -7.8 win  44% t -6.86 CI [ -11.0,  -4.5] | rand   -8.4 excess   +0.7 (t -1.74) sameday   +8.9
  V2 1m v>=3x hi30         sip   eod n 20300 (101.50/d) spr  7.5 gross   -0.8 net   -8.3 med   -7.4 win  44% t -5.92 CI [ -12.7,  -3.3] | rand   -8.2 excess   -0.1 (t -2.24) sameday   +6.6
  V2 1m v>=5x hi15         iex    15 n 25352 (126.76/d) spr  9.6 gross   -0.2 net   -9.8 med   -8.0 win  32% t -20.97 CI [ -10.7,  -8.9] | rand   -9.2 excess   -0.6 (t -1.39) sameday   -5.0
  V2 1m v>=5x hi15         iex    30 n 24340 (121.70/d) spr  9.6 gross   -0.1 net   -9.7 med   -8.2 win  36% t -17.01 CI [ -10.9,  -8.6] | rand   -9.2 excess   -0.5 (t -1.24) sameday   -2.5
  V2 1m v>=5x hi15         iex    60 n 22050 (110.25/d) spr  9.8 gross   -0.5 net  -10.3 med   -8.3 win  40% t -12.57 CI [ -12.0,  -8.8] | rand   -9.5 excess   -0.8 (t -1.62) sameday   -0.9
  V2 1m v>=5x hi15         iex   120 n 17019 (85.09/d) spr 10.1 gross   -0.9 net  -11.0 med   -9.4 win  42% t -8.16 CI [ -14.0,  -8.2] | rand  -10.0 excess   -1.0 (t -1.45) sameday   -1.0
  V2 1m v>=5x hi15         iex   eod n 25352 (126.76/d) spr  9.6 gross   -1.2 net  -10.8 med   -8.9 win  42% t -6.07 CI [ -15.1,  -6.6] | rand   -9.8 excess   -1.0 (t -1.58) sameday   -1.7
  V2 1m v>=5x hi15         sip    15 n  9416 (47.08/d) spr  7.8 gross   +1.0 net   -6.8 med   -6.0 win  37% t -11.39 CI [  -8.4,  -4.8] | rand   -7.5 excess   +0.8 (t +0.12) sameday   -1.1
  V2 1m v>=5x hi15         sip    30 n  9096 (45.48/d) spr  7.8 gross   +1.6 net   -6.2 med   -5.8 win  40% t -9.47 CI [  -7.9,  -4.3] | rand   -7.9 excess   +1.7 (t +0.66) sameday   +3.5
  V2 1m v>=5x hi15         sip    60 n  8197 (40.98/d) spr  8.0 gross   +0.9 net   -7.0 med   -6.6 win  42% t -8.57 CI [  -9.3,  -4.5] | rand   -8.7 excess   +1.7 (t +0.28) sameday   +5.8
  V2 1m v>=5x hi15         sip   120 n  6310 (31.55/d) spr  8.0 gross   +0.8 net   -7.2 med   -7.2 win  43% t -5.94 CI [ -10.8,  -3.4] | rand   -8.5 excess   +1.3 (t -0.91) sameday   +6.8
  V2 1m v>=5x hi15         sip   eod n  9416 (47.08/d) spr  7.8 gross   +0.0 net   -7.7 med   -6.5 win  44% t -5.21 CI [ -12.4,  -2.7] | rand   -8.6 excess   +0.9 (t -1.47) sameday   +4.8
  V2 1m v>=5x hi30         iex    15 n 18085 (90.42/d) spr  9.4 gross   -0.1 net   -9.5 med   -7.9 win  33% t -19.19 CI [ -10.6,  -8.4] | rand   -9.2 excess   -0.3 (t -1.07) sameday   -3.2
  V2 1m v>=5x hi30         iex    30 n 17333 (86.67/d) spr  9.5 gross   +0.0 net   -9.4 med   -8.0 win  36% t -16.04 CI [ -10.6,  -8.1] | rand   -9.2 excess   -0.2 (t -1.36) sameday   +0.1
  V2 1m v>=5x hi30         iex    60 n 15672 (78.36/d) spr  9.6 gross   -0.4 net  -10.1 med   -8.1 win  40% t -12.10 CI [ -11.8,  -8.3] | rand   -9.4 excess   -0.7 (t -2.04) sameday   +1.9
  V2 1m v>=5x hi30         iex   120 n 12028 (60.14/d) spr  9.8 gross   -0.5 net  -10.4 med   -9.2 win  42% t -8.00 CI [ -13.7,  -7.4] | rand  -10.1 excess   -0.3 (t -1.63) sameday   +2.9
  V2 1m v>=5x hi30         iex   eod n 18085 (90.42/d) spr  9.4 gross   -1.0 net  -10.4 med   -8.7 win  42% t -6.21 CI [ -14.8,  -5.9] | rand   -9.7 excess   -0.7 (t -1.92) sameday   +1.4
  V2 1m v>=5x hi30         sip    15 n  7208 (36.04/d) spr  7.5 gross   +1.1 net   -6.4 med   -5.9 win  37% t -10.80 CI [  -8.3,  -4.0] | rand   -7.7 excess   +1.3 (t +0.41) sameday   +0.6
  V2 1m v>=5x hi30         sip    30 n  6964 (34.82/d) spr  7.6 gross   +1.9 net   -5.7 med   -5.6 win  40% t -9.09 CI [  -7.7,  -3.5] | rand   -7.8 excess   +2.1 (t +0.61) sameday   +6.0
  V2 1m v>=5x hi30         sip    60 n  6284 (31.42/d) spr  7.7 gross   +0.9 net   -6.8 med   -6.6 win  42% t -8.46 CI [  -9.4,  -4.1] | rand   -8.2 excess   +1.3 (t -1.12) sameday   +9.0
  V2 1m v>=5x hi30         sip   120 n  4806 (24.03/d) spr  7.8 gross   +1.3 net   -6.5 med   -7.3 win  44% t -5.80 CI [ -10.8,  -1.8] | rand   -8.5 excess   +2.0 (t -1.13) sameday  +10.3
  V2 1m v>=5x hi30         sip   eod n  7208 (36.04/d) spr  7.5 gross   +0.4 net   -7.1 med   -6.5 win  44% t -5.29 CI [ -12.2,  -1.2] | rand   -8.7 excess   +1.6 (t -1.64) sameday   +8.1
  V2 5m v>=3x hi15         iex    15 n  7928 (39.64/d) spr  8.6 gross   +0.3 net   -8.3 med   -6.9 win  35% t -14.83 CI [  -9.6,  -6.8] | rand   -8.4 excess   +0.1 (t -1.22) sameday   -2.1
  V2 5m v>=3x hi15         iex    30 n  7029 (35.15/d) spr  8.8 gross   -0.2 net   -9.0 med   -7.3 win  38% t -12.40 CI [ -10.8,  -7.3] | rand   -8.8 excess   -0.2 (t -1.39) sameday   +0.5
  V2 5m v>=3x hi15         iex    60 n  5819 (29.09/d) spr  9.2 gross   -0.3 net   -9.5 med   -7.8 win  41% t -8.79 CI [ -12.3,  -6.8] | rand   -9.4 excess   -0.0 (t -0.65) sameday   +2.7
  V2 5m v>=3x hi15         iex   120 n  3948 (19.74/d) spr  9.6 gross   -0.7 net  -10.3 med   -8.5 win  43% t -6.06 CI [ -14.9,  -6.3] | rand   -9.3 excess   -1.0 (t -1.57) sameday   +3.0
  V2 5m v>=3x hi15         iex   eod n  7928 (39.64/d) spr  8.6 gross   -0.7 net   -9.3 med   -7.1 win  42% t -6.29 CI [ -13.6,  -5.0] | rand   -8.9 excess   -0.3 (t -1.93) sameday   +2.5
  V2 5m v>=3x hi15         sip    15 n  4022 (20.11/d) spr  7.3 gross   +1.9 net   -5.4 med   -4.8 win  40% t -8.27 CI [  -7.9,  -2.3] | rand   -7.0 excess   +1.6 (t -0.22) sameday   +1.5
  V2 5m v>=3x hi15         sip    30 n  3676 (18.38/d) spr  7.4 gross   +1.8 net   -5.6 med   -4.7 win  42% t -6.20 CI [  -8.5,  -2.4] | rand   -7.6 excess   +2.0 (t +0.09) sameday   +5.6
  V2 5m v>=3x hi15         sip    60 n  3118 (15.59/d) spr  7.6 gross   +1.2 net   -6.4 med   -5.3 win  44% t -5.36 CI [ -10.1,  -2.8] | rand   -7.9 excess   +1.5 (t -0.26) sameday   +8.5
  V2 5m v>=3x hi15         sip   120 n  2156 (10.78/d) spr  7.9 gross   +1.2 net   -6.7 med   -5.8 win  45% t -4.24 CI [ -13.4,  -0.2] | rand   -8.1 excess   +1.3 (t -1.11) sameday  +10.2
  V2 5m v>=3x hi15         sip   eod n  4022 (20.11/d) spr  7.3 gross   +0.4 net   -6.9 med   -5.8 win  44% t -5.95 CI [ -12.6,  -1.3] | rand   -8.1 excess   +1.2 (t -2.59) sameday   +7.8
  V2 5m v>=3x hi30         iex    15 n  6416 (32.08/d) spr  8.7 gross   +0.7 net   -8.0 med   -6.8 win  36% t -13.52 CI [  -9.6,  -6.4] | rand   -8.4 excess   +0.4 (t -0.78) sameday   -0.9
  V2 5m v>=3x hi30         iex    30 n  5684 (28.42/d) spr  9.0 gross   +0.2 net   -8.8 med   -7.1 win  38% t -10.91 CI [ -10.9,  -7.0] | rand   -8.4 excess   -0.5 (t -1.43) sameday   +2.1
  V2 5m v>=3x hi30         iex    60 n  4732 (23.66/d) spr  9.3 gross   -0.3 net   -9.6 med   -7.3 win  41% t -8.24 CI [ -12.5,  -6.8] | rand   -9.6 excess   +0.0 (t -0.76) sameday   +5.0
  V2 5m v>=3x hi30         iex   120 n  3234 (16.17/d) spr  9.8 gross   -0.3 net  -10.1 med   -8.0 win  43% t -5.57 CI [ -15.0,  -5.8] | rand   -9.2 excess   -0.9 (t -1.44) sameday   +5.1
  V2 5m v>=3x hi30         iex   eod n  6416 (32.08/d) spr  8.7 gross   -0.1 net   -8.8 med   -7.0 win  42% t -6.16 CI [ -13.4,  -4.2] | rand   -9.3 excess   +0.5 (t -1.86) sameday   +4.8
  V2 5m v>=3x hi30         sip    15 n  3388 (16.94/d) spr  7.2 gross   +2.1 net   -5.1 med   -4.7 win  40% t -7.57 CI [  -8.0,  -1.5] | rand   -7.3 excess   +2.2 (t +0.22) sameday   +3.1
  V2 5m v>=3x hi30         sip    30 n  3086 (15.43/d) spr  7.4 gross   +2.2 net   -5.2 med   -4.4 win  43% t -5.66 CI [  -8.2,  -1.9] | rand   -7.2 excess   +2.1 (t -0.04) sameday   +7.6
  V2 5m v>=3x hi30         sip    60 n  2621 (13.11/d) spr  7.5 gross   +0.9 net   -6.7 med   -5.4 win  45% t -5.42 CI [ -10.8,  -2.7] | rand   -7.8 excess   +1.1 (t -1.11) sameday  +10.5
  V2 5m v>=3x hi30         sip   120 n  1829 (9.14/d) spr  7.8 gross   +0.8 net   -7.0 med   -6.1 win  45% t -4.09 CI [ -14.7,  +0.3] | rand   -9.0 excess   +1.9 (t -0.54) sameday  +11.9
  V2 5m v>=3x hi30         sip   eod n  3388 (16.94/d) spr  7.2 gross   +1.0 net   -6.2 med   -5.1 win  45% t -5.88 CI [ -12.5,  +0.0] | rand   -9.1 excess   +2.9 (t -2.11) sameday  +10.4
  V2 5m v>=5x hi15         iex    15 n  1991 (9.96/d) spr  9.0 gross   +1.5 net   -7.5 med   -6.5 win  37% t -8.21 CI [ -10.0,  -4.7] | rand   -8.4 excess   +0.9 (t -0.57) sameday   -2.8
  V2 5m v>=5x hi15         iex    30 n  1802 (9.01/d) spr  9.3 gross   +0.8 net   -8.4 med   -7.7 win  39% t -6.88 CI [ -11.8,  -4.9] | rand   -9.2 excess   +0.8 (t +0.00) sameday   +0.4
  V2 5m v>=5x hi15         iex    60 n  1517 (7.58/d) spr  9.6 gross   -0.3 net   -9.8 med   -8.2 win  41% t -5.32 CI [ -13.9,  -5.0] | rand   -9.9 excess   +0.1 (t -0.62) sameday   +3.4
  V2 5m v>=5x hi15         iex   120 n  1016 (5.08/d) spr 10.0 gross   -0.2 net  -10.2 med   -8.8 win  42% t -3.55 CI [ -17.7,  -3.1] | rand   -8.7 excess   -1.5 (t -1.23) sameday   +3.3
  V2 5m v>=5x hi15         iex   eod n  1991 (9.96/d) spr  9.0 gross   -0.0 net   -9.0 med   -8.4 win  42% t -4.75 CI [ -14.7,  -3.4] | rand   -9.5 excess   +0.4 (t -1.46) sameday   +2.9
  V2 5m v>=5x hi15         sip    15 n  1162 (5.81/d) spr  7.0 gross   +2.2 net   -4.8 med   -5.2 win  39% t -3.34 CI [  -9.0,  -0.7] | rand   -6.5 excess   +1.6 (t -0.07) sameday   +1.3
  V2 5m v>=5x hi15         sip    30 n  1084 (5.42/d) spr  7.2 gross   +2.0 net   -5.2 med   -5.0 win  40% t -2.93 CI [  -9.5,  -0.7] | rand   -7.1 excess   +1.9 (t +0.14) sameday   +7.4
  V2 5m v>=5x hi15         sip    60 n   921 (4.61/d) spr  7.4 gross   +1.6 net   -5.8 med   -6.3 win  44% t -2.97 CI [ -11.0,  +0.1] | rand   -7.7 excess   +1.8 (t -0.06) sameday  +10.4
  V2 5m v>=5x hi15         sip   120 n   618 (3.09/d) spr  7.9 gross   +2.3 net   -5.6 med   -6.3 win  43% t -1.40 CI [ -16.0,  +3.2] | rand  -11.0 excess   +5.4 (t +1.19) sameday  +15.2
  V2 5m v>=5x hi15         sip   eod n  1162 (5.81/d) spr  7.0 gross   +1.4 net   -5.6 med   -4.5 win  44% t -3.45 CI [ -13.2,  +1.2] | rand   -8.1 excess   +2.5 (t -1.17) sameday   +9.7
  V2 5m v>=5x hi30         iex    15 n  1700 (8.50/d) spr  9.2 gross   +1.8 net   -7.4 med   -6.5 win  37% t -6.83 CI [ -10.3,  -4.3] | rand   -9.0 excess   +1.5 (t +0.40) sameday   -0.9
  V2 5m v>=5x hi30         iex    30 n  1536 (7.68/d) spr  9.5 gross   +1.3 net   -8.2 med   -7.5 win  39% t -5.45 CI [ -11.7,  -4.0] | rand   -9.4 excess   +1.3 (t +0.19) sameday   +2.0
  V2 5m v>=5x hi30         iex    60 n  1312 (6.56/d) spr  9.7 gross   -0.5 net  -10.2 med   -8.1 win  41% t -4.46 CI [ -15.1,  -5.0] | rand   -9.0 excess   -1.2 (t -0.76) sameday   +4.2
  V2 5m v>=5x hi30         iex   120 n   879 (4.39/d) spr 10.1 gross   -0.3 net  -10.4 med   -8.8 win  42% t -3.12 CI [ -18.4,  -2.6] | rand  -11.1 excess   +0.7 (t -0.93) sameday   +5.1
  V2 5m v>=5x hi30         iex   eod n  1700 (8.50/d) spr  9.2 gross   +0.3 net   -8.9 med   -8.8 win  41% t -4.28 CI [ -14.9,  -2.7] | rand   -9.4 excess   +0.5 (t -1.37) sameday   +4.9
  V2 5m v>=5x hi30         sip    15 n   971 (4.86/d) spr  7.2 gross   +2.4 net   -4.8 med   -5.3 win  39% t -3.20 CI [  -9.8,  +0.3] | rand   -6.2 excess   +1.4 (t -0.40) sameday   +2.1
  V2 5m v>=5x hi30         sip    30 n   904 (4.52/d) spr  7.5 gross   +3.0 net   -4.5 med   -4.4 win  42% t -2.29 CI [  -9.6,  +1.0] | rand   -7.0 excess   +2.5 (t +0.50) sameday   +9.2
  V2 5m v>=5x hi30         sip    60 n   768 (3.84/d) spr  7.8 gross   +1.8 net   -6.0 med   -6.0 win  44% t -2.39 CI [ -11.2,  +0.1] | rand   -7.0 excess   +1.0 (t -0.48) sameday  +11.6
  V2 5m v>=5x hi30         sip   120 n   524 (2.62/d) spr  8.4 gross   +3.4 net   -4.9 med   -6.1 win  43% t -0.71 CI [ -16.5,  +5.1] | rand   -8.3 excess   +3.4 (t +0.63) sameday  +16.9
  V2 5m v>=5x hi30         sip   eod n   971 (4.86/d) spr  7.2 gross   +2.8 net   -4.4 med   -3.7 win  45% t -2.63 CI [ -13.0,  +4.4] | rand   -7.9 excess   +3.4 (t -0.84) sameday  +11.3
  V3 ABS                   iex    15 n 73720 (368.60/d) spr  8.8 gross   +0.1 net   -8.7 med   -6.8 win  35% t -29.41 CI [  -9.3,  -8.1] | rand   -8.5 excess   -0.2 (t -0.03) sameday  -11.8
  V3 ABS                   iex    30 n 70552 (352.76/d) spr  8.9 gross   -0.2 net   -9.1 med   -7.2 win  38% t -19.81 CI [  -9.9,  -8.2] | rand   -8.7 excess   -0.4 (t -0.13) sameday  -13.5
  V3 ABS                   iex    60 n 64052 (320.26/d) spr  9.1 gross   -0.5 net   -9.6 med   -7.5 win  41% t -11.35 CI [ -11.0,  -8.1] | rand   -9.0 excess   -0.6 (t -0.01) sameday  -15.1
  V3 ABS                   iex   120 n 50819 (254.09/d) spr  9.3 gross   -1.1 net  -10.4 med   -8.3 win  43% t -6.24 CI [ -13.2,  -7.7] | rand   -9.2 excess   -1.2 (t -0.02) sameday  -16.2
  V3 ABS                   iex   eod n 73720 (368.60/d) spr  8.8 gross   -1.1 net  -10.0 med   -7.4 win  43% t -3.95 CI [ -14.0,  -5.9] | rand   -9.5 excess   -0.5 (t +0.53) sameday  -15.2
  V3 ABS                   sip    15 n 20796 (103.98/d) spr  7.8 gross   +0.1 net   -7.7 med   -5.4 win  38% t -20.84 CI [  -8.4,  -6.9] | rand   -7.5 excess   -0.2 (t +0.09) sameday  -11.2
  V3 ABS                   sip    30 n 19855 (99.28/d) spr  7.9 gross   +0.2 net   -7.7 med   -5.4 win  41% t -14.99 CI [  -8.7,  -6.7] | rand   -7.6 excess   -0.2 (t +0.29) sameday  -13.1
  V3 ABS                   sip    60 n 18092 (90.46/d) spr  8.1 gross   +0.1 net   -8.0 med   -5.5 win  43% t -8.43 CI [  -9.7,  -6.4] | rand   -7.7 excess   -0.3 (t +0.51) sameday  -14.5
  V3 ABS                   sip   120 n 14749 (73.75/d) spr  8.4 gross   -0.9 net   -9.3 med   -6.9 win  45% t -5.28 CI [ -12.0,  -6.6] | rand   -8.3 excess   -1.0 (t +0.20) sameday  -16.5
  V3 ABS                   sip   eod n 20796 (103.98/d) spr  7.8 gross   -0.8 net   -8.6 med   -5.6 win  45% t -3.13 CI [ -12.9,  -4.5] | rand   -8.5 excess   -0.1 (t +0.72) sameday  -15.0
  V3 EFR                   iex    15 n 134310 (671.55/d) spr  7.6 gross   +0.0 net   -7.5 med   -6.0 win  37% t -29.11 CI [  -8.1,  -7.1] | rand   -7.6 excess   +0.0 (t +0.00) sameday   -6.6
  V3 EFR                   iex    30 n 127196 (635.98/d) spr  7.7 gross   +0.1 net   -7.6 med   -6.2 win  40% t -18.98 CI [  -8.4,  -6.9] | rand   -7.8 excess   +0.2 (t +0.35) sameday   -6.1
  V3 EFR                   iex    60 n 113704 (568.52/d) spr  7.8 gross   -0.1 net   -7.9 med   -6.4 win  42% t -11.19 CI [  -9.3,  -6.5] | rand   -8.1 excess   +0.2 (t +0.00) sameday   -5.7
  V3 EFR                   iex   120 n 88595 (442.98/d) spr  8.1 gross   -0.3 net   -8.4 med   -6.8 win  44% t -6.32 CI [ -11.0,  -5.9] | rand   -8.2 excess   -0.2 (t -0.33) sameday   -6.0
  V3 EFR                   iex   eod n 134310 (671.55/d) spr  7.6 gross   -0.8 net   -8.3 med   -6.7 win  44% t -4.31 CI [ -12.1,  -4.5] | rand   -8.5 excess   +0.1 (t -0.14) sameday   -6.3
  V3 EFR                   sip    15 n 63923 (319.62/d) spr  7.9 gross   +0.0 net   -7.9 med   -6.5 win  36% t -22.02 CI [  -8.6,  -7.1] | rand   -7.9 excess   -0.0 (t -0.29) sameday   -5.4
  V3 EFR                   sip    30 n 60798 (303.99/d) spr  8.0 gross   +0.1 net   -7.9 med   -6.7 win  39% t -16.88 CI [  -8.9,  -6.9] | rand   -8.0 excess   +0.1 (t -0.28) sameday   -3.8
  V3 EFR                   sip    60 n 54002 (270.01/d) spr  8.1 gross   -0.1 net   -8.3 med   -7.2 win  42% t -11.24 CI [  -9.9,  -6.7] | rand   -8.2 excess   -0.0 (t -0.53) sameday   -3.0
  V3 EFR                   sip   120 n 41240 (206.20/d) spr  8.3 gross   -0.6 net   -8.9 med   -8.0 win  43% t -6.76 CI [ -11.9,  -6.2] | rand   -8.9 excess   -0.0 (t -0.53) sameday   -3.1
  V3 EFR                   sip   eod n 63923 (319.62/d) spr  7.9 gross   -1.1 net   -9.0 med   -7.3 win  43% t -5.01 CI [ -12.8,  -4.8] | rand   -8.8 excess   -0.2 (t -0.68) sameday   -3.9
  V3 NS                    iex    15 n 58995 (294.98/d) spr  5.0 gross   +0.4 net   -4.6 med   -3.2 win  43% t -17.74 CI [  -5.2,  -4.1] | rand   -5.3 excess   +0.7 (t +0.29) sameday   -0.4
  V3 NS                    iex    30 n 57346 (286.73/d) spr  5.1 gross   +0.4 net   -4.7 med   -3.1 win  45% t -11.45 CI [  -5.7,  -3.7] | rand   -5.4 excess   +0.7 (t -0.81) sameday   +1.8
  V3 NS                    iex    60 n 53790 (268.95/d) spr  5.1 gross   +0.9 net   -4.2 med   -2.9 win  47% t -7.01 CI [  -5.9,  -2.6] | rand   -5.7 excess   +1.4 (t -0.86) sameday   +3.0
  V3 NS                    iex   120 n 46150 (230.75/d) spr  5.4 gross   +1.1 net   -4.2 med   -2.6 win  48% t -4.53 CI [  -7.7,  -1.2] | rand   -6.2 excess   +1.9 (t -1.22) sameday   +3.2
  V3 NS                    iex   eod n 58995 (294.98/d) spr  5.0 gross   -0.3 net   -5.3 med   -4.3 win  47% t -3.94 CI [ -10.8,  +0.1] | rand   -7.1 excess   +1.8 (t -1.42) sameday   +1.7
  V3 NS                    sip    15 n 88685 (443.43/d) spr  8.1 gross   +0.5 net   -7.6 med   -5.7 win  38% t -25.53 CI [  -8.2,  -7.0] | rand   -8.1 excess   +0.5 (t -0.26) sameday   -4.1
  V3 NS                    sip    30 n 86987 (434.94/d) spr  8.1 gross   +0.4 net   -7.7 med   -5.8 win  41% t -18.60 CI [  -8.5,  -6.8] | rand   -8.0 excess   +0.3 (t -1.66) sameday   -2.3
  V3 NS                    sip    60 n 82130 (410.65/d) spr  8.2 gross   +0.6 net   -7.6 med   -5.9 win  43% t -11.84 CI [  -9.1,  -6.0] | rand   -8.5 excess   +0.9 (t -1.39) sameday   -1.5
  V3 NS                    sip   120 n 69202 (346.01/d) spr  8.5 gross   +0.8 net   -7.7 med   -6.0 win  45% t -6.99 CI [ -10.8,  -4.9] | rand   -8.8 excess   +1.1 (t -1.55) sameday   -1.4
  V3 NS                    sip   eod n 88685 (443.43/d) spr  8.1 gross   -0.7 net   -8.8 med   -6.8 win  44% t -5.36 CI [ -13.2,  -3.7] | rand   -9.2 excess   +0.4 (t -1.81) sameday   -2.8

### L SIP vs IEX detection (long, tune+validate pooled): n / gross / net / t
  V1 pace>=1.6           15: S 16741/+0.2/-7.1/-7.8  I 23149/+0.4/-7.0/-16.1 | 30: S 16115/+0.7/-6.7/-6.3  I 22260/+0.8/-6.6/-10.3 | 60: S 14835/+2.2/-5.4/-5.3  I 20431/+1.9/-5.7/-6.7 | 120: S 12272/+4.2/-3.6/-4.3  I 16802/+3.2/-4.6/-4.4 | eod: S 16741/+0.2/-7.1/-4.2  I 23149/+2.1/-5.3/-3.8
  V1 pace>=2             15: S 7362/-0.1/-8.8/-8.0  I 11260/+0.5/-7.5/-9.7 | 30: S 7126/+0.5/-8.4/-6.0  I 10876/+1.3/-6.9/-6.5 | 60: S 6645/+2.8/-6.1/-4.6  I 10059/+3.2/-5.1/-4.9 | 120: S 5629/+7.5/-1.7/-3.4  I 8351/+6.1/-2.4/-3.3 | eod: S 7362/+2.2/-6.6/-3.5  I 11260/+4.2/-3.9/-2.7
  V1 pace>=3             15: S 2023/+2.2/-8.2/-5.2  I 2713/+1.9/-8.7/-7.3 | 30: S 1976/+3.9/-6.5/-5.0  I 2640/+4.1/-6.6/-6.6 | 60: S 1876/+10.0/-0.5/-3.8  I 2486/+9.7/-1.1/-3.6 | 120: S 1634/+20.5/+9.9/-2.5  I 2148/+17.2/+6.1/-2.2 | eod: S 2023/+13.8/+3.4/-2.6  I 2713/+10.2/-0.4/-2.3
  V2 1m v>=3x hi15       15: S 26677/+0.2/-7.6/-16.2  I 57442/-0.1/-8.7/-24.1 | 30: S 25654/+0.8/-7.2/-13.1  I 54929/-0.0/-8.7/-17.9 | 60: S 23097/+0.1/-7.9/-10.4  I 49450/-0.4/-9.2/-12.7 | 120: S 17983/-0.2/-8.4/-7.0  I 38384/-0.3/-9.4/-7.7 | eod: S 26677/-0.8/-8.7/-5.6  I 57442/-1.0/-9.6/-5.6
  V2 1m v>=3x hi30       15: S 20300/+0.4/-7.2/-14.7  I 40843/-0.0/-8.4/-21.5 | 30: S 19523/+1.0/-6.7/-12.1  I 38961/+0.1/-8.3/-16.3 | 60: S 17545/+0.3/-7.5/-10.0  I 34985/-0.3/-8.9/-12.1 | 120: S 13618/+0.2/-7.7/-6.9  I 26975/-0.0/-8.9/-7.6 | eod: S 20300/-0.8/-8.3/-5.9  I 40843/-0.9/-9.2/-5.9
  V2 1m v>=5x hi15       15: S 9416/+1.0/-6.8/-11.4  I 25352/-0.2/-9.8/-21.0 | 30: S 9096/+1.6/-6.2/-9.5  I 24340/-0.1/-9.7/-17.0 | 60: S 8197/+0.9/-7.0/-8.6  I 22050/-0.5/-10.3/-12.6 | 120: S 6310/+0.8/-7.2/-5.9  I 17019/-0.9/-11.0/-8.2 | eod: S 9416/+0.0/-7.7/-5.2  I 25352/-1.2/-10.8/-6.1
  V2 1m v>=5x hi30       15: S 7208/+1.1/-6.4/-10.8  I 18085/-0.1/-9.5/-19.2 | 30: S 6964/+1.9/-5.7/-9.1  I 17333/+0.0/-9.4/-16.0 | 60: S 6284/+0.9/-6.8/-8.5  I 15672/-0.4/-10.1/-12.1 | 120: S 4806/+1.3/-6.5/-5.8  I 12028/-0.5/-10.4/-8.0 | eod: S 7208/+0.4/-7.1/-5.3  I 18085/-1.0/-10.4/-6.2
  V2 5m v>=3x hi15       15: S 4022/+1.9/-5.4/-8.3  I 7928/+0.3/-8.3/-14.8 | 30: S 3676/+1.8/-5.6/-6.2  I 7029/-0.2/-9.0/-12.4 | 60: S 3118/+1.2/-6.4/-5.4  I 5819/-0.3/-9.5/-8.8 | 120: S 2156/+1.2/-6.7/-4.2  I 3948/-0.7/-10.3/-6.1 | eod: S 4022/+0.4/-6.9/-6.0  I 7928/-0.7/-9.3/-6.3
  V2 5m v>=3x hi30       15: S 3388/+2.1/-5.1/-7.6  I 6416/+0.7/-8.0/-13.5 | 30: S 3086/+2.2/-5.2/-5.7  I 5684/+0.2/-8.8/-10.9 | 60: S 2621/+0.9/-6.7/-5.4  I 4732/-0.3/-9.6/-8.2 | 120: S 1829/+0.8/-7.0/-4.1  I 3234/-0.3/-10.1/-5.6 | eod: S 3388/+1.0/-6.2/-5.9  I 6416/-0.1/-8.8/-6.2
  V2 5m v>=5x hi15       15: S 1162/+2.2/-4.8/-3.3  I 1991/+1.5/-7.5/-8.2 | 30: S 1084/+2.0/-5.2/-2.9  I 1802/+0.8/-8.4/-6.9 | 60: S 921/+1.6/-5.8/-3.0  I 1517/-0.3/-9.8/-5.3 | 120: S 618/+2.3/-5.6/-1.4  I 1016/-0.2/-10.2/-3.5 | eod: S 1162/+1.4/-5.6/-3.4  I 1991/-0.0/-9.0/-4.8
  V2 5m v>=5x hi30       15: S 971/+2.4/-4.8/-3.2  I 1700/+1.8/-7.4/-6.8 | 30: S 904/+3.0/-4.5/-2.3  I 1536/+1.3/-8.2/-5.5 | 60: S 768/+1.8/-6.0/-2.4  I 1312/-0.5/-10.2/-4.5 | 120: S 524/+3.4/-4.9/-0.7  I 879/-0.3/-10.4/-3.1 | eod: S 971/+2.8/-4.4/-2.6  I 1700/+0.3/-8.9/-4.3
  V3 ABS                 15: S 20796/+0.1/-7.7/-20.8  I 73720/+0.1/-8.7/-29.4 | 30: S 19855/+0.2/-7.7/-15.0  I 70552/-0.2/-9.1/-19.8 | 60: S 18092/+0.1/-8.0/-8.4  I 64052/-0.5/-9.6/-11.4 | 120: S 14749/-0.9/-9.3/-5.3  I 50819/-1.1/-10.4/-6.2 | eod: S 20796/-0.8/-8.6/-3.1  I 73720/-1.1/-10.0/-4.0
  V3 EFR                 15: S 63923/+0.0/-7.9/-22.0  I 134310/+0.0/-7.5/-29.1 | 30: S 60798/+0.1/-7.9/-16.9  I 127196/+0.1/-7.6/-19.0 | 60: S 54002/-0.1/-8.3/-11.2  I 113704/-0.1/-7.9/-11.2 | 120: S 41240/-0.6/-8.9/-6.8  I 88595/-0.3/-8.4/-6.3 | eod: S 63923/-1.1/-9.0/-5.0  I 134310/-0.8/-8.3/-4.3
  V3 NS                  15: S 88685/+0.5/-7.6/-25.5  I 58995/+0.4/-4.6/-17.7 | 30: S 86987/+0.4/-7.7/-18.6  I 57346/+0.4/-4.7/-11.5 | 60: S 82130/+0.6/-7.6/-11.8  I 53790/+0.9/-4.2/-7.0 | 120: S 69202/+0.8/-7.7/-7.0  I 46150/+1.1/-4.2/-4.5 | eod: S 88685/-0.7/-8.8/-5.4  I 58995/-0.3/-5.3/-3.9

===== V1-V3, L tight (info) (/tmp/e4_Lt_report.txt) =====

## Universe L — LONG cells (net bp/trade; t day-clustered)
signal                   feed hold | tune n    net     t | val n    net     t | T+V t excess  t_ex   rand sameday | promo
V1 pace>=1.6             iex    15 |   5925   -2.3 -5.40 |  1829   -3.1 -3.82 | -6.55   -0.3 -3.56   -2.2    -0.4 | 
V1 pace>=1.6             iex    30 |   5681   -2.6 -5.20 |  1761   -4.1 -3.76 | -6.41   -0.2 -4.15   -2.8    +0.1 | 
V1 pace>=1.6             iex    60 |   5204   -1.9 -4.37 |  1619   -5.9 -3.19 | -5.41   -0.0 -3.75   -2.8    +0.4 | 
V1 pace>=1.6             iex   120 |   4290   -0.5 -3.21 |  1312  -10.6 -2.50 | -4.03   +0.4 -2.99   -3.2    +1.3 | 
V1 pace>=1.6             iex   eod |   5925   -1.7 -3.00 |  1829   -9.7 -2.48 | -3.89   +0.9 -2.63   -4.4    -0.5 | 
V1 pace>=1.6             sip    15 |   4332   -2.6 -4.20 |  1100   -2.0 -3.90 | -5.02   +0.1 -3.49   -2.6    -0.2 | 
V1 pace>=1.6             sip    30 |   4159   -2.6 -4.50 |  1063   -2.4 -3.57 | -5.23   -0.1 -3.90   -2.5    +0.8 | 
V1 pace>=1.6             sip    60 |   3804   -1.6 -4.10 |   988   -3.8 -3.15 | -4.95   +0.9 -4.02   -2.9    +1.3 | 
V1 pace>=1.6             sip   120 |   3121   +2.0 -3.53 |   825   -9.6 -2.50 | -4.32   +3.4 -3.58   -3.8    +3.8 | 
V1 pace>=1.6             sip   eod |   4332   -3.7 -3.60 |  1100   -5.1 -2.43 | -4.25   +0.1 -3.50   -4.1    -1.3 | 
V1 pace>=2               iex    15 |   2572   -2.6 -4.35 |   599   -3.4 -3.55 | -5.37   -0.0 -3.06   -2.7    -0.5 | 
V1 pace>=2               iex    30 |   2481   -2.4 -4.68 |   580   -5.1 -3.30 | -5.63   -0.2 -4.26   -2.7    +0.7 | 
V1 pace>=2               iex    60 |   2286   -0.8 -4.07 |   543   -8.7 -2.15 | -4.61   +0.1 -3.80   -2.4    +2.0 | 
V1 pace>=2               iex   120 |   1907   +3.8 -3.61 |   456  -14.8 -1.36 | -3.65   +3.9 -2.75   -3.7    +4.7 | 
V1 pace>=2               iex   eod |   2572   +1.2 -3.03 |   599   -8.0 -1.07 | -2.96   +3.4 -2.37   -4.0    +2.7 | 
V1 pace>=2               sip    15 |   1653   -4.0 -3.96 |   296   -5.3 -3.19 | -5.02   -0.7 -3.72   -3.5    -1.2 | 
V1 pace>=2               sip    30 |   1592   -5.0 -4.20 |   288   -8.2 -3.61 | -5.19   -2.0 -4.31   -3.5    -0.4 | 
V1 pace>=2               sip    60 |   1480   -4.6 -4.56 |   274  -13.7 -2.80 | -5.30   -2.6 -4.71   -3.4    -0.6 | 
V1 pace>=2               sip   120 |   1258   +2.0 -3.49 |   243  -28.4 -2.15 | -4.10   +1.3 -3.53   -4.2    +2.5 | 
V1 pace>=2               sip   eod |   1653   -5.6 -4.28 |   296   -9.9 -1.91 | -4.61   -1.5 -3.93   -4.8    -2.6 | 
V1 pace>=3               iex    15 |    604   -1.6 -2.69 |    70   -4.4 -1.70 | -3.17   +1.5 -1.38   -3.4    +1.6 | 
V1 pace>=3               iex    30 |    583   -0.6 -2.70 |    67   -7.1 -1.43 | -3.04   +2.0 -1.80   -3.4    +3.0 | 
V1 pace>=3               iex    60 |    545   +4.1 -1.95 |    64  -20.7 -1.83 | -2.45   +5.6 -1.79   -4.1    +4.7 | 
V1 pace>=3               iex   120 |    470  +15.7 -0.90 |    60  -45.8 -1.86 | -1.69  +11.8 -1.22   -3.0   +13.8 | 
V1 pace>=3               iex   eod |    604  +14.1 -1.03 |    70  -27.1 -2.26 | -1.95  +11.3 -1.92   -1.5   +12.7 | 
V1 pace>=3               sip    15 |    441   -0.7 -1.92 |    54   -4.2 -1.72 | -2.51   +2.5 -1.08   -3.6    +0.5 | 
V1 pace>=3               sip    30 |    428   -0.2 -2.41 |    52  -12.4 -2.32 | -2.97   +1.3 -2.45   -2.8    +4.7 | 
V1 pace>=3               sip    60 |    403   +4.3 -2.10 |    50  -26.1 -1.53 | -2.48   +4.4 -2.14   -3.5    +6.9 | 
V1 pace>=3               sip   120 |    351  +12.9 -1.69 |    46  -61.0 -1.12 | -2.05   +9.2 -1.62   -4.9    +9.5 | 
V1 pace>=3               sip   eod |    441  +10.4 -2.13 |    54  -14.4 -1.26 | -2.45  +11.3 -1.84   -3.6   +10.8 | 
V2 1m v>=3x hi15         iex    15 |  12217   -2.4 -6.47 |  3888   -1.9 -2.57 | -6.86   -0.0 -0.95   -2.2    +2.1 | 
V2 1m v>=3x hi15         iex    30 |  11648   -2.2 -4.81 |  3672   -2.1 -2.31 | -5.33   +0.4 -0.20   -2.6    +4.7 | 
V2 1m v>=3x hi15         iex    60 |  10336   -2.9 -4.64 |  3361   -1.8 -1.48 | -4.78   -0.2 -1.53   -2.4    +6.2 | 
V2 1m v>=3x hi15         iex   120 |   7917   -3.7 -3.56 |  2603   +0.2 -0.54 | -3.39   -0.1 -1.48   -2.6    +6.6 | 
V2 1m v>=3x hi15         iex   eod |  12217   -3.7 -3.03 |  3888   -5.7 -2.10 | -3.67   -0.2 -1.63   -4.0    +4.1 | 
V2 1m v>=3x hi15         sip    15 |   6548   -2.2 -3.97 |  2425   -1.8 -2.21 | -4.55   +0.3 -0.20   -2.4    +3.1 | 
V2 1m v>=3x hi15         sip    30 |   6299   -1.4 -2.91 |  2316   -1.3 -1.45 | -3.26   +1.2 +0.46   -2.6    +6.6 | 
V2 1m v>=3x hi15         sip    60 |   5599   -2.4 -3.66 |  2083   -2.0 -1.45 | -3.92   +0.6 -0.91   -2.9    +8.9 | 
V2 1m v>=3x hi15         sip   120 |   4288   -3.1 -3.07 |  1656   -1.1 -1.04 | -3.21   +0.5 -1.31   -3.1    +9.1 | 
V2 1m v>=3x hi15         sip   eod |   6548   -3.2 -2.99 |  2425   -5.5 -2.28 | -3.69   +0.4 -1.72   -4.3    +6.5 | 
V2 1m v>=3x hi30         iex    15 |   9002   -2.2 -5.84 |  2831   -1.6 -2.06 | -6.02   +0.3 -0.42   -2.4    +3.4 | 
V2 1m v>=3x hi30         iex    30 |   8574   -1.8 -4.35 |  2670   -1.9 -1.95 | -4.73   +0.5 -0.53   -2.4    +6.8 | 
V2 1m v>=3x hi30         iex    60 |   7575   -2.5 -4.34 |  2450   -2.0 -1.56 | -4.53   +0.0 -1.62   -2.4    +8.7 | 
V2 1m v>=3x hi30         iex   120 |   5750   -3.3 -3.62 |  1877   +0.9 -0.58 | -3.42   +0.2 -1.66   -2.4    +9.5 | 
V2 1m v>=3x hi30         iex   eod |   9002   -3.1 -3.19 |  2831   -6.2 -2.30 | -3.92   +0.1 -1.91   -3.9    +6.5 | 
V2 1m v>=3x hi30         sip    15 |   5144   -1.9 -3.74 |  1837   -1.3 -1.89 | -4.19   +0.7 +0.16   -2.5    +4.4 | 
V2 1m v>=3x hi30         sip    30 |   4953   -0.9 -2.63 |  1753   -1.2 -1.56 | -3.06   +1.4 +0.14   -2.3    +9.0 | 
V2 1m v>=3x hi30         sip    60 |   4384   -1.8 -3.37 |  1581   -1.6 -1.60 | -3.73   +0.9 -1.17   -2.6   +11.2 | 
V2 1m v>=3x hi30         sip   120 |   3349   -2.5 -2.99 |  1262   -0.9 -1.53 | -3.36   +0.2 -1.93   -2.2   +11.8 | 
V2 1m v>=3x hi30         sip   eod |   5144   -2.6 -3.12 |  1837   -6.1 -2.60 | -3.98   +0.7 -2.01   -4.2    +8.6 | 
V2 1m v>=5x hi15         iex    15 |   4713   -2.4 -5.31 |  1534   -1.1 -1.50 | -5.19   +0.1 -0.76   -2.2    +1.8 | 
V2 1m v>=5x hi15         iex    30 |   4504   -2.1 -4.37 |  1454   -0.9 -1.00 | -4.10   +0.7 -0.19   -2.5    +4.7 | 
V2 1m v>=5x hi15         iex    60 |   3990   -3.2 -4.56 |  1318   -1.2 -1.03 | -4.40   +0.1 -1.26   -2.8    +6.1 | 
V2 1m v>=5x hi15         iex   120 |   2984   -5.0 -3.62 |  1009   +0.3 -0.60 | -3.43   -0.9 -1.55   -2.8    +5.8 | 
V2 1m v>=5x hi15         iex   eod |   4713   -4.2 -3.26 |  1534   -4.6 -2.12 | -3.87   -0.1 -1.77   -4.2    +4.1 | 
V2 1m v>=5x hi15         sip    15 |   2458   -1.6 -2.64 |   992   -0.2 -1.10 | -2.83   +1.4 +0.65   -2.6    +3.1 | 
V2 1m v>=5x hi15         sip    30 |   2365   -1.0 -2.47 |   958   -0.7 -1.08 | -2.67   +1.8 +0.37   -2.7    +7.0 | 
V2 1m v>=5x hi15         sip    60 |   2092   -1.6 -3.05 |   861   -2.9 -1.63 | -3.44   +0.5 -1.38   -2.4    +9.4 | 
V2 1m v>=5x hi15         sip   120 |   1558   -3.4 -2.51 |   685   +0.4 -0.95 | -2.62   +1.4 -0.87   -3.7    +9.8 | 
V2 1m v>=5x hi15         sip   eod |   2458   -2.3 -2.83 |   992   -5.2 -2.00 | -3.45   +2.0 -1.23   -5.1    +7.1 | 
V2 1m v>=5x hi30         iex    15 |   3499   -2.6 -4.98 |  1105   -1.2 -1.71 | -5.08   +0.2 -1.14   -2.4    +2.9 | 
V2 1m v>=5x hi30         iex    30 |   3340   -2.0 -4.00 |  1042   -1.2 -1.59 | -4.16   +0.6 -0.67   -2.4    +6.4 | 
V2 1m v>=5x hi30         iex    60 |   2945   -2.8 -3.81 |   946   -2.3 -2.02 | -4.31   -0.0 -1.66   -2.7    +8.0 | 
V2 1m v>=5x hi30         iex   120 |   2186   -4.8 -3.09 |   719   -1.5 -1.89 | -3.63   -1.3 -2.13   -2.7    +8.2 | 
V2 1m v>=5x hi30         iex   eod |   3499   -3.5 -3.23 |  1105   -6.1 -2.85 | -4.16   -0.3 -2.40   -3.9    +6.4 | 
V2 1m v>=5x hi30         sip    15 |   1924   -1.4 -2.56 |   745   +1.0 -1.01 | -2.69   +1.8 +0.54   -2.5    +4.5 | 
V2 1m v>=5x hi30         sip    30 |   1853   -0.5 -2.24 |   721   +0.3 -1.09 | -2.46   +2.5 +0.25   -2.7   +10.2 | 
V2 1m v>=5x hi30         sip    60 |   1632   -1.9 -3.56 |   654   -1.7 -1.79 | -3.94   +0.6 -1.91   -2.5   +12.2 | 
V2 1m v>=5x hi30         sip   120 |   1202   -4.1 -2.65 |   522   +2.2 -1.51 | -3.05   +0.7 -1.81   -2.9   +11.9 | 
V2 1m v>=5x hi30         sip   eod |   1924   -2.5 -3.16 |   745   -5.0 -2.27 | -3.87   +1.3 -2.01   -4.5    +9.2 | 
V2 5m v>=3x hi15         iex    15 |   1744   -2.0 -3.51 |   570   +0.1 -1.34 | -3.75   +1.4 +0.02   -2.9    +4.0 | 
V2 5m v>=3x hi15         iex    30 |   1562   -2.7 -3.12 |   492   -0.8 -1.64 | -3.53   +0.4 -0.65   -2.7    +6.0 | 
V2 5m v>=3x hi15         iex    60 |   1284   -3.5 -2.93 |   402   -0.8 -1.59 | -3.29   -0.5 -1.36   -2.4    +8.2 | 
V2 5m v>=3x hi15         iex   120 |    848   -9.1 -3.12 |   304   -2.8 -1.68 | -3.46   -4.2 -2.91   -3.3    +4.2 | 
V2 5m v>=3x hi15         iex   eod |   1744   -4.8 -4.09 |   570   -6.9 -2.37 | -4.74   -0.6 -2.63   -4.8    +5.2 | 
V2 5m v>=3x hi15         sip    15 |   1097   -0.2 -1.64 |   460   +0.4 -1.26 | -2.06   +2.4 +0.11   -2.4    +6.0 | 
V2 5m v>=3x hi15         sip    30 |   1000   -0.7 -1.49 |   423   -0.3 -1.16 | -1.89   +2.0 -0.20   -2.6    +8.7 | 
V2 5m v>=3x hi15         sip    60 |    857   -1.3 -1.66 |   355   -4.0 -2.62 | -2.79   +1.3 -1.26   -3.3   +11.5 | 
V2 5m v>=3x hi15         sip   120 |    577   -6.1 -1.96 |   267   +1.8 -2.23 | -2.72   -0.1 -1.19   -3.5   +11.4 | 
V2 5m v>=3x hi15         sip   eod |   1097   -0.2 -2.56 |   460   -3.0 -2.75 | -3.61   +4.5 -1.26   -5.6   +12.2 | 
V2 5m v>=3x hi30         iex    15 |   1436   -2.3 -3.27 |   460   +1.1 -0.72 | -3.28   +1.0 -0.89   -2.4    +4.5 | 
V2 5m v>=3x hi30         iex    30 |   1282   -3.4 -3.27 |   404   -0.3 -1.50 | -3.60   +0.7 -1.01   -3.3    +6.7 | 
V2 5m v>=3x hi30         iex    60 |   1046   -4.3 -3.16 |   344   -1.6 -1.69 | -3.56   -1.4 -2.41   -2.3    +9.6 | 
V2 5m v>=3x hi30         iex   120 |    698   -8.7 -2.74 |   268   -3.2 -1.75 | -3.22   -4.9 -2.73   -2.3    +6.6 | 
V2 5m v>=3x hi30         iex   eod |   1436   -4.3 -3.75 |   460   -7.6 -2.25 | -4.38   +0.0 -2.20   -5.1    +7.3 | 
V2 5m v>=3x hi30         sip    15 |    934   +0.1 -1.43 |   379   +1.1 -1.15 | -1.83   +2.7 +0.03   -2.4    +6.9 | 
V2 5m v>=3x hi30         sip    30 |    851   -0.5 -1.71 |   348   +0.1 -1.07 | -2.02   +2.6 +0.01   -2.9   +10.7 | 
V2 5m v>=3x hi30         sip    60 |    723   -0.7 -1.19 |   294   -5.8 -2.63 | -2.37   -0.0 -1.47   -2.1   +13.2 | 
V2 5m v>=3x hi30         sip   120 |    490   -6.3 -1.90 |   224   +0.7 -2.59 | -2.83   -1.3 -1.48   -2.7   +13.2 | 
V2 5m v>=3x hi30         sip   eod |    934   +0.3 -2.52 |   379   -3.6 -2.84 | -3.65   +3.5 -1.86   -4.3   +12.7 | 
V2 5m v>=5x hi15         iex    15 |    464   -1.7 -2.70 |   122   +4.0 +0.52 | -2.43   +2.6 -0.63   -3.1    +3.5 | 
V2 5m v>=5x hi15         iex    30 |    421   -4.1 -2.01 |   106   +3.9 -0.63 | -2.05   +0.9 -0.65   -3.4    +5.2 | 
V2 5m v>=5x hi15         iex    60 |    361   -6.3 -2.44 |    81   +5.7 -0.93 | -2.55   -1.6 -1.54   -2.5    +7.6 | 
V2 5m v>=5x hi15         iex   120 |    237   -7.7 -1.20 |    68   -3.4 -1.50 | -1.91   -6.5 -2.00   -0.2    +5.9 | 
V2 5m v>=5x hi15         iex   eod |    464   -5.2 -2.66 |   122   -3.5 -1.39 | -2.75   -1.1 -1.89   -3.7    +7.4 | 
V2 5m v>=5x hi15         sip    15 |    350   -1.9 -1.45 |   139   +3.2 -0.99 | -1.76   +2.1 -0.74   -2.5    +4.6 | 
V2 5m v>=5x hi15         sip    30 |    320   -4.0 -1.66 |   134   +1.7 -1.24 | -2.08   -0.8 -1.23   -1.6    +8.2 | 
V2 5m v>=5x hi15         sip    60 |    273   -4.6 -1.47 |   109   -0.4 -1.73 | -2.27   -1.6 -1.56   -1.8   +11.7 | 
V2 5m v>=5x hi15         sip   120 |    175   -6.8 -0.76 |    79   +3.1 -2.12 | -1.97   -0.9 -1.33   -2.8   +15.3 | 
V2 5m v>=5x hi15         sip   eod |    350   +0.0 -1.25 |   139   +3.4 -1.68 | -2.04   +7.0 -1.00   -6.0   +16.2 | 
V2 5m v>=5x hi30         iex    15 |    404   -1.6 -2.34 |   109   +4.8 +0.58 | -1.99   +3.5 +0.39   -3.7    +5.2 | 
V2 5m v>=5x hi30         iex    30 |    367   -4.0 -1.45 |    97   +5.0 -0.42 | -1.45   +1.3 -0.25   -3.5    +6.9 | 
V2 5m v>=5x hi30         iex    60 |    314   -7.5 -2.06 |    78   +6.0 -0.93 | -2.24   -1.3 -1.09   -3.4    +7.8 | 
V2 5m v>=5x hi30         iex   120 |    211   -5.2 -0.50 |    65   -3.5 -1.51 | -1.43   +0.6 -0.70   -5.3    +8.7 | 
V2 5m v>=5x hi30         iex   eod |    404   -4.5 -2.13 |   109   -3.1 -1.43 | -2.44   +1.1 -1.57   -5.4    +9.1 | 
V2 5m v>=5x hi30         sip    15 |    292   -2.1 -1.24 |   109   +4.1 -0.96 | -1.57   +1.8 -0.92   -2.2    +5.6 | 
V2 5m v>=5x hi30         sip    30 |    264   -3.8 -1.24 |   106   +2.1 -1.15 | -1.69   +0.9 -0.66   -3.0    +9.5 | 
V2 5m v>=5x hi30         sip    60 |    224   -4.7 -1.46 |    84   -0.7 -1.63 | -2.18   -1.5 -1.71   -2.1   +16.7 | 
V2 5m v>=5x hi30         sip   120 |    141   -8.3 -0.63 |    63   +5.2 -1.89 | -1.83   +3.0 -1.13   -7.2   +17.0 | 
V2 5m v>=5x hi30         sip   eod |    292   +0.8 -0.71 |   109   +5.3 -1.55 | -1.64   +6.3 -0.74   -4.3   +16.9 | 
V3 ABS                   iex    15 |  15401   -2.4 -8.03 |  5151   -2.2 -6.88 | -10.01   +0.1 +1.13   -2.5    -5.0 | 
V3 ABS                   iex    30 |  14623   -2.4 -4.27 |  4934   -2.8 -4.65 | -5.78   -0.0 +0.66   -2.4    -6.5 | 
V3 ABS                   iex    60 |  13215   -2.8 -2.42 |  4454   -2.9 -2.45 | -3.23   -0.0 +0.63   -2.8    -7.8 | 
V3 ABS                   iex   120 |  10425   -2.9 -0.97 |  3531   -4.2 -1.88 | -1.66   -0.9 +0.08   -2.4    -8.5 | 
V3 ABS                   iex   eod |  15401   -3.7 -0.89 |  5151   -6.0 -1.71 | -1.56   -0.4 +0.49   -3.9    -9.2 | 
V3 ABS                   sip    15 |   6106   -3.0 -6.10 |  2329   -1.9 -3.03 | -6.77   -0.2 -0.09   -2.4    -5.5 | 
V3 ABS                   sip    30 |   5800   -3.0 -4.00 |  2217   -2.8 -2.90 | -4.84   -0.7 -0.56   -2.3    -7.0 | 
V3 ABS                   sip    60 |   5245   -3.0 -2.07 |  1984   -3.4 -1.83 | -2.67   -0.7 -0.01   -2.4    -8.1 | 
V3 ABS                   sip   120 |   4161   -3.2 -0.81 |  1613   -6.6 -2.03 | -1.55   -2.0 -0.18   -2.2    -9.4 | 
V3 ABS                   sip   eod |   6106   -4.0 -0.88 |  2329   -7.4 -1.40 | -1.43   -1.0 +0.36   -3.9   -10.1 | 
V3 EFR                   iex    15 |  32381   -2.1 -8.08 | 10293   -2.3 -5.70 | -9.81   +0.1 +0.46   -2.3    -1.2 | 
V3 EFR                   iex    30 |  30561   -2.0 -4.56 |  9678   -2.4 -4.04 | -5.85   +0.3 +0.48   -2.4    -0.5 | 
V3 EFR                   iex    60 |  27169   -2.2 -2.80 |  8582   -2.7 -2.70 | -3.65   +0.1 -0.05   -2.4    -0.1 | 
V3 EFR                   iex   120 |  20878   -2.7 -1.86 |  6571   -3.2 -1.91 | -2.48   +0.1 -0.26   -2.9    -0.2 | 
V3 EFR                   iex   eod |  32381   -3.2 -1.71 | 10293   -6.4 -2.27 | -2.53   -0.1 -0.38   -3.8    -1.8 | 
V3 EFR                   sip    15 |  14812   -2.5 -5.80 |  5155   -2.1 -4.42 | -7.00   +0.0 -0.27   -2.4    +0.0 | 
V3 EFR                   sip    30 |  14011   -2.4 -4.36 |  4872   -2.3 -3.14 | -5.28   +0.3 +0.11   -2.6    +1.5 | 
V3 EFR                   sip    60 |  12369   -3.0 -3.87 |  4319   -2.4 -2.23 | -4.47   -0.3 -1.05   -2.5    +2.2 | 
V3 EFR                   sip   120 |   9358   -3.4 -2.49 |  3315   -2.3 -1.59 | -2.95   -0.1 -0.78   -3.0    +2.4 | 
V3 EFR                   sip   eod |  14812   -3.8 -2.42 |  5155   -5.7 -2.08 | -3.11   +0.0 -0.84   -4.3    +0.6 | 
V3 NS                    iex    15 |  24203   -1.7 -7.78 |  8496   -1.8 -4.99 | -9.21   +0.4 -0.45   -2.1    +1.6 | 
V3 NS                    iex    30 |  23555   -1.4 -5.30 |  8283   -1.9 -3.42 | -6.29   +0.7 -0.96   -2.3    +3.6 | 
V3 NS                    iex    60 |  22058   -1.1 -3.71 |  7823   -1.7 -2.24 | -4.31   +1.0 -1.39   -2.3    +4.5 | 
V3 NS                    iex   120 |  18757   -1.2 -2.84 |  6635   -1.6 -1.57 | -3.24   +1.3 -1.69   -2.6    +4.5 | 
V3 NS                    iex   eod |  24203   -1.6 -2.47 |  8496   -6.9 -2.35 | -3.28   +1.0 -1.72   -4.0    +2.8 | 
V3 NS                    sip    15 |  22795   -2.2 -9.49 |  8252   -2.3 -5.82 | -11.10   +0.1 -2.05   -2.3    +0.8 | 
V3 NS                    sip    30 |  22326   -2.1 -6.55 |  8108   -2.6 -4.57 | -7.90   +0.3 -1.91   -2.5    +2.3 | 
V3 NS                    sip    60 |  21022   -1.8 -4.67 |  7742   -2.2 -2.97 | -5.48   +0.6 -2.06   -2.5    +2.8 | 
V3 NS                    sip   120 |  17608   -2.1 -3.42 |  6570   -2.7 -2.12 | -3.99   +0.4 -2.27   -2.7    +2.6 | 
V3 NS                    sip   eod |  22795   -2.8 -3.00 |  8252   -8.2 -2.75 | -3.92   -0.1 -2.22   -4.2    +0.7 | 

Long cells: 140; t>=2: 0, t<=-2: 122, net>0 pooled: 0  (under pure noise ~2.3% each tail)
Promoted (pre-registered rule): 0

### L short mirror (info; tune+validate pooled): cells with t >= 2

### L detail (tune+validate pooled, long)
  V1 pace>=1.6             iex    15 n  7754 (38.77/d) spr  2.1 gross   -0.4 net   -2.5 med   -1.7 win  46% t -6.55 CI [  -3.3,  -1.8] | rand   -2.2 excess   -0.3 (t -3.56) sameday   -0.4
  V1 pace>=1.6             iex    30 n  7442 (37.21/d) spr  2.1 gross   -0.9 net   -3.0 med   -2.1 win  47% t -6.41 CI [  -4.4,  -1.8] | rand   -2.8 excess   -0.2 (t -4.15) sameday   +0.1
  V1 pace>=1.6             iex    60 n  6823 (34.12/d) spr  2.2 gross   -0.7 net   -2.9 med   -1.2 win  48% t -5.41 CI [  -5.4,  -0.6] | rand   -2.8 excess   -0.0 (t -3.75) sameday   +0.4
  V1 pace>=1.6             iex   120 n  5602 (28.01/d) spr  2.3 gross   -0.6 net   -2.8 med   -1.1 win  49% t -4.03 CI [  -8.7,  +2.9] | rand   -3.2 excess   +0.4 (t -2.99) sameday   +1.3
  V1 pace>=1.6             iex   eod n  7754 (38.77/d) spr  2.1 gross   -1.5 net   -3.6 med   -2.6 win  47% t -3.89 CI [ -10.5,  +2.8] | rand   -4.4 excess   +0.9 (t -2.63) sameday   -0.5
  V1 pace>=1.6             sip    15 n  5432 (27.16/d) spr  2.4 gross   -0.1 net   -2.5 med   -1.6 win  46% t -5.02 CI [  -3.6,  -1.5] | rand   -2.6 excess   +0.1 (t -3.49) sameday   -0.2
  V1 pace>=1.6             sip    30 n  5222 (26.11/d) spr  2.4 gross   -0.1 net   -2.5 med   -1.7 win  48% t -5.23 CI [  -4.3,  -0.7] | rand   -2.5 excess   -0.1 (t -3.90) sameday   +0.8
  V1 pace>=1.6             sip    60 n  4792 (23.96/d) spr  2.5 gross   +0.4 net   -2.1 med   -0.2 win  50% t -4.95 CI [  -5.4,  +0.8] | rand   -2.9 excess   +0.9 (t -4.02) sameday   +1.3
  V1 pace>=1.6             sip   120 n  3946 (19.73/d) spr  2.6 gross   +2.2 net   -0.4 med   +1.7 win  51% t -4.32 CI [  -8.3,  +6.1] | rand   -3.8 excess   +3.4 (t -3.58) sameday   +3.8
  V1 pace>=1.6             sip   eod n  5432 (27.16/d) spr  2.4 gross   -1.7 net   -4.0 med   -1.9 win  48% t -4.25 CI [ -11.8,  +3.6] | rand   -4.1 excess   +0.1 (t -3.50) sameday   -1.3
  V1 pace>=2               iex    15 n  3171 (15.86/d) spr  2.2 gross   -0.5 net   -2.7 med   -1.7 win  46% t -5.37 CI [  -4.3,  -1.4] | rand   -2.7 excess   -0.0 (t -3.06) sameday   -0.5
  V1 pace>=2               iex    30 n  3061 (15.30/d) spr  2.3 gross   -0.7 net   -2.9 med   -2.1 win  47% t -5.63 CI [  -5.7,  -0.6] | rand   -2.7 excess   -0.2 (t -4.26) sameday   +0.7
  V1 pace>=2               iex    60 n  2829 (14.14/d) spr  2.3 gross   +0.0 net   -2.3 med   -0.1 win  50% t -4.61 CI [  -7.6,  +2.1] | rand   -2.4 excess   +0.1 (t -3.80) sameday   +2.0
  V1 pace>=2               iex   120 n  2363 (11.81/d) spr  2.4 gross   +2.6 net   +0.2 med   +2.0 win  52% t -3.65 CI [ -10.0,  +9.4] | rand   -3.7 excess   +3.9 (t -2.75) sameday   +4.7
  V1 pace>=2               iex   eod n  3171 (15.86/d) spr  2.2 gross   +1.7 net   -0.6 med   -0.8 win  49% t -2.96 CI [ -11.5,  +9.0] | rand   -4.0 excess   +3.4 (t -2.37) sameday   +2.7
  V1 pace>=2               sip    15 n  1949 (9.74/d) spr  2.9 gross   -1.3 net   -4.2 med   -2.8 win  44% t -5.02 CI [  -6.8,  -2.2] | rand   -3.5 excess   -0.7 (t -3.72) sameday   -1.2
  V1 pace>=2               sip    30 n  1880 (9.40/d) spr  3.0 gross   -2.5 net   -5.4 med   -3.9 win  45% t -5.19 CI [  -9.6,  -2.1] | rand   -3.5 excess   -2.0 (t -4.31) sameday   -0.4
  V1 pace>=2               sip    60 n  1754 (8.77/d) spr  3.0 gross   -3.0 net   -6.1 med   -0.7 win  49% t -5.30 CI [ -13.3,  -0.3] | rand   -3.4 excess   -2.6 (t -4.71) sameday   -0.6
  V1 pace>=2               sip   120 n  1501 (7.50/d) spr  3.1 gross   +0.2 net   -2.9 med   -0.1 win  50% t -4.10 CI [ -15.7,  +8.6] | rand   -4.2 excess   +1.3 (t -3.53) sameday   +2.5
  V1 pace>=2               sip   eod n  1949 (9.74/d) spr  2.9 gross   -3.3 net   -6.3 med   -3.3 win  48% t -4.61 CI [ -20.8,  +6.9] | rand   -4.8 excess   -1.5 (t -3.93) sameday   -2.6
  V1 pace>=3               iex    15 n   674 (3.37/d) spr  2.6 gross   +0.7 net   -1.9 med   -2.2 win  46% t -3.17 CI [  -5.8,  +1.0] | rand   -3.4 excess   +1.5 (t -1.38) sameday   +1.6
  V1 pace>=3               iex    30 n   650 (3.25/d) spr  2.7 gross   +1.4 net   -1.3 med   -2.1 win  47% t -3.04 CI [  -7.9,  +3.6] | rand   -3.4 excess   +2.0 (t -1.80) sameday   +3.0
  V1 pace>=3               iex    60 n   609 (3.04/d) spr  2.7 gross   +4.2 net   +1.5 med   +0.9 win  52% t -2.45 CI [  -8.9, +10.2] | rand   -4.1 excess   +5.6 (t -1.79) sameday   +4.7
  V1 pace>=3               iex   120 n   530 (2.65/d) spr  2.8 gross  +11.6 net   +8.8 med   +8.6 win  55% t -1.69 CI [  -9.8, +24.9] | rand   -3.0 excess  +11.8 (t -1.22) sameday  +13.8
  V1 pace>=3               iex   eod n   674 (3.37/d) spr  2.6 gross  +12.5 net   +9.9 med   +6.2 win  54% t -1.95 CI [ -14.6, +30.9] | rand   -1.5 excess  +11.3 (t -1.92) sameday  +12.7
  V1 pace>=3               sip    15 n   495 (2.48/d) spr  2.7 gross   +1.5 net   -1.1 med   -1.4 win  48% t -2.51 CI [  -5.7,  +2.5] | rand   -3.6 excess   +2.5 (t -1.08) sameday   +0.5
  V1 pace>=3               sip    30 n   480 (2.40/d) spr  2.7 gross   +1.2 net   -1.5 med   -2.8 win  47% t -2.97 CI [  -9.8,  +5.4] | rand   -2.8 excess   +1.3 (t -2.45) sameday   +4.7
  V1 pace>=3               sip    60 n   453 (2.27/d) spr  2.8 gross   +3.7 net   +0.9 med   +3.1 win  52% t -2.48 CI [ -13.0, +13.7] | rand   -3.5 excess   +4.4 (t -2.14) sameday   +6.9
  V1 pace>=3               sip   120 n   397 (1.99/d) spr  2.9 gross   +7.2 net   +4.3 med   +3.6 win  51% t -2.05 CI [ -20.9, +27.2] | rand   -4.9 excess   +9.2 (t -1.62) sameday   +9.5
  V1 pace>=3               sip   eod n   495 (2.48/d) spr  2.7 gross  +10.4 net   +7.7 med   +6.5 win  54% t -2.45 CI [ -26.2, +36.9] | rand   -3.6 excess  +11.3 (t -1.84) sameday  +10.8
  V2 1m v>=3x hi15         iex    15 n 16105 (80.53/d) spr  2.3 gross   +0.0 net   -2.3 med   -2.1 win  44% t -6.86 CI [  -3.0,  -1.5] | rand   -2.2 excess   -0.0 (t -0.95) sameday   +2.1
  V2 1m v>=3x hi15         iex    30 n 15320 (76.60/d) spr  2.3 gross   +0.1 net   -2.2 med   -1.9 win  46% t -5.33 CI [  -3.2,  -1.2] | rand   -2.6 excess   +0.4 (t -0.20) sameday   +4.7
  V2 1m v>=3x hi15         iex    60 n 13697 (68.48/d) spr  2.3 gross   -0.3 net   -2.7 med   -1.7 win  47% t -4.78 CI [  -4.1,  -1.3] | rand   -2.4 excess   -0.2 (t -1.53) sameday   +6.2
  V2 1m v>=3x hi15         iex   120 n 10520 (52.60/d) spr  2.4 gross   -0.3 net   -2.7 med   -1.8 win  48% t -3.39 CI [  -5.2,  -0.3] | rand   -2.6 excess   -0.1 (t -1.48) sameday   +6.6
  V2 1m v>=3x hi15         iex   eod n 16105 (80.53/d) spr  2.3 gross   -1.9 net   -4.2 med   -2.6 win  47% t -3.67 CI [  -7.9,  -0.8] | rand   -4.0 excess   -0.2 (t -1.63) sameday   +4.1
  V2 1m v>=3x hi15         sip    15 n  8973 (44.87/d) spr  2.6 gross   +0.6 net   -2.1 med   -2.1 win  44% t -4.55 CI [  -3.4,  -0.6] | rand   -2.4 excess   +0.3 (t -0.20) sameday   +3.1
  V2 1m v>=3x hi15         sip    30 n  8615 (43.08/d) spr  2.7 gross   +1.3 net   -1.4 med   -1.7 win  46% t -3.26 CI [  -3.0,  +0.2] | rand   -2.6 excess   +1.2 (t +0.46) sameday   +6.6
  V2 1m v>=3x hi15         sip    60 n  7682 (38.41/d) spr  2.7 gross   +0.4 net   -2.3 med   -1.7 win  47% t -3.92 CI [  -4.5,  -0.2] | rand   -2.9 excess   +0.6 (t -0.91) sameday   +8.9
  V2 1m v>=3x hi15         sip   120 n  5944 (29.72/d) spr  2.8 gross   +0.3 net   -2.5 med   -1.8 win  48% t -3.21 CI [  -5.9,  +0.6] | rand   -3.1 excess   +0.5 (t -1.31) sameday   +9.1
  V2 1m v>=3x hi15         sip   eod n  8973 (44.87/d) spr  2.6 gross   -1.2 net   -3.9 med   -2.6 win  47% t -3.69 CI [  -8.3,  +0.4] | rand   -4.3 excess   +0.4 (t -1.72) sameday   +6.5
  V2 1m v>=3x hi30         iex    15 n 11833 (59.16/d) spr  2.2 gross   +0.1 net   -2.1 med   -2.1 win  44% t -6.02 CI [  -3.0,  -1.1] | rand   -2.4 excess   +0.3 (t -0.42) sameday   +3.4
  V2 1m v>=3x hi30         iex    30 n 11244 (56.22/d) spr  2.2 gross   +0.4 net   -1.8 med   -1.8 win  46% t -4.73 CI [  -3.0,  -0.7] | rand   -2.4 excess   +0.5 (t -0.53) sameday   +6.8
  V2 1m v>=3x hi30         iex    60 n 10025 (50.12/d) spr  2.2 gross   -0.2 net   -2.4 med   -1.4 win  47% t -4.53 CI [  -3.9,  -0.8] | rand   -2.4 excess   +0.0 (t -1.62) sameday   +8.7
  V2 1m v>=3x hi30         iex   120 n  7627 (38.13/d) spr  2.3 gross   +0.1 net   -2.2 med   -1.6 win  48% t -3.42 CI [  -4.9,  +0.2] | rand   -2.4 excess   +0.2 (t -1.66) sameday   +9.5
  V2 1m v>=3x hi30         iex   eod n 11833 (59.16/d) spr  2.2 gross   -1.7 net   -3.9 med   -2.5 win  47% t -3.92 CI [  -7.9,  -0.3] | rand   -3.9 excess   +0.1 (t -1.91) sameday   +6.5
  V2 1m v>=3x hi30         sip    15 n  6981 (34.91/d) spr  2.4 gross   +0.7 net   -1.7 med   -2.2 win  44% t -4.19 CI [  -3.2,  -0.0] | rand   -2.5 excess   +0.7 (t +0.16) sameday   +4.4
  V2 1m v>=3x hi30         sip    30 n  6706 (33.53/d) spr  2.4 gross   +1.5 net   -1.0 med   -1.4 win  47% t -3.06 CI [  -2.8,  +0.9] | rand   -2.3 excess   +1.4 (t +0.14) sameday   +9.0
  V2 1m v>=3x hi30         sip    60 n  5965 (29.82/d) spr  2.5 gross   +0.7 net   -1.7 med   -1.7 win  47% t -3.73 CI [  -4.1,  +0.5] | rand   -2.6 excess   +0.9 (t -1.17) sameday  +11.2
  V2 1m v>=3x hi30         sip   120 n  4611 (23.05/d) spr  2.6 gross   +0.5 net   -2.1 med   -1.9 win  48% t -3.36 CI [  -5.7,  +1.4] | rand   -2.2 excess   +0.2 (t -1.93) sameday  +11.8
  V2 1m v>=3x hi30         sip   eod n  6981 (34.91/d) spr  2.4 gross   -1.1 net   -3.5 med   -2.3 win  47% t -3.98 CI [  -8.2,  +1.0] | rand   -4.2 excess   +0.7 (t -2.01) sameday   +8.6
  V2 1m v>=5x hi15         iex    15 n  6247 (31.23/d) spr  2.4 gross   +0.3 net   -2.1 med   -2.1 win  44% t -5.19 CI [  -3.2,  -0.8] | rand   -2.2 excess   +0.1 (t -0.76) sameday   +1.8
  V2 1m v>=5x hi15         iex    30 n  5958 (29.79/d) spr  2.5 gross   +0.7 net   -1.8 med   -1.8 win  46% t -4.10 CI [  -3.1,  -0.4] | rand   -2.5 excess   +0.7 (t -0.19) sameday   +4.7
  V2 1m v>=5x hi15         iex    60 n  5308 (26.54/d) spr  2.5 gross   -0.2 net   -2.7 med   -1.9 win  47% t -4.40 CI [  -4.5,  -0.8] | rand   -2.8 excess   +0.1 (t -1.26) sameday   +6.1
  V2 1m v>=5x hi15         iex   120 n  3993 (19.96/d) spr  2.6 gross   -1.1 net   -3.7 med   -2.3 win  47% t -3.43 CI [  -6.9,  -0.7] | rand   -2.8 excess   -0.9 (t -1.55) sameday   +5.8
  V2 1m v>=5x hi15         iex   eod n  6247 (31.23/d) spr  2.4 gross   -1.8 net   -4.3 med   -2.6 win  47% t -3.87 CI [  -8.2,  -0.4] | rand   -4.2 excess   -0.1 (t -1.77) sameday   +4.1
  V2 1m v>=5x hi15         sip    15 n  3450 (17.25/d) spr  2.7 gross   +1.5 net   -1.2 med   -1.8 win  44% t -2.83 CI [  -3.3,  +1.3] | rand   -2.6 excess   +1.4 (t +0.65) sameday   +3.1
  V2 1m v>=5x hi15         sip    30 n  3323 (16.61/d) spr  2.7 gross   +1.8 net   -0.9 med   -1.5 win  46% t -2.67 CI [  -3.4,  +1.9] | rand   -2.7 excess   +1.8 (t +0.37) sameday   +7.0
  V2 1m v>=5x hi15         sip    60 n  2953 (14.77/d) spr  2.8 gross   +0.8 net   -2.0 med   -1.7 win  47% t -3.44 CI [  -5.0,  +1.0] | rand   -2.4 excess   +0.5 (t -1.38) sameday   +9.4
  V2 1m v>=5x hi15         sip   120 n  2243 (11.21/d) spr  2.8 gross   +0.5 net   -2.3 med   -1.8 win  48% t -2.62 CI [  -6.8,  +2.0] | rand   -3.7 excess   +1.4 (t -0.87) sameday   +9.8
  V2 1m v>=5x hi15         sip   eod n  3450 (17.25/d) spr  2.7 gross   -0.4 net   -3.1 med   -2.5 win  47% t -3.45 CI [  -8.3,  +1.9] | rand   -5.1 excess   +2.0 (t -1.23) sameday   +7.1
  V2 1m v>=5x hi30         iex    15 n  4604 (23.02/d) spr  2.4 gross   +0.1 net   -2.2 med   -2.3 win  43% t -5.08 CI [  -3.6,  -0.6] | rand   -2.4 excess   +0.2 (t -1.14) sameday   +2.9
  V2 1m v>=5x hi30         iex    30 n  4382 (21.91/d) spr  2.4 gross   +0.6 net   -1.8 med   -1.9 win  46% t -4.16 CI [  -3.5,  -0.1] | rand   -2.4 excess   +0.6 (t -0.67) sameday   +6.4
  V2 1m v>=5x hi30         iex    60 n  3891 (19.45/d) spr  2.5 gross   -0.2 net   -2.7 med   -1.8 win  47% t -4.31 CI [  -4.8,  -0.6] | rand   -2.7 excess   -0.0 (t -1.66) sameday   +8.0
  V2 1m v>=5x hi30         iex   120 n  2905 (14.53/d) spr  2.6 gross   -1.4 net   -4.0 med   -2.2 win  47% t -3.63 CI [  -7.4,  -0.4] | rand   -2.7 excess   -1.3 (t -2.13) sameday   +8.2
  V2 1m v>=5x hi30         iex   eod n  4604 (23.02/d) spr  2.4 gross   -1.7 net   -4.1 med   -2.4 win  47% t -4.16 CI [  -8.5,  +0.2] | rand   -3.9 excess   -0.3 (t -2.40) sameday   +6.4
  V2 1m v>=5x hi30         sip    15 n  2669 (13.35/d) spr  2.5 gross   +1.8 net   -0.8 med   -1.8 win  45% t -2.69 CI [  -3.2,  +2.2] | rand   -2.5 excess   +1.8 (t +0.54) sameday   +4.5
  V2 1m v>=5x hi30         sip    30 n  2574 (12.87/d) spr  2.6 gross   +2.3 net   -0.3 med   -1.2 win  47% t -2.46 CI [  -3.0,  +2.8] | rand   -2.7 excess   +2.5 (t +0.25) sameday  +10.2
  V2 1m v>=5x hi30         sip    60 n  2286 (11.43/d) spr  2.7 gross   +0.8 net   -1.9 med   -2.0 win  46% t -3.94 CI [  -5.2,  +1.5] | rand   -2.5 excess   +0.6 (t -1.91) sameday  +12.2
  V2 1m v>=5x hi30         sip   120 n  1724 (8.62/d) spr  2.7 gross   +0.5 net   -2.2 med   -1.9 win  47% t -3.05 CI [  -7.2,  +3.0] | rand   -2.9 excess   +0.7 (t -1.81) sameday  +11.9
  V2 1m v>=5x hi30         sip   eod n  2669 (13.35/d) spr  2.5 gross   -0.7 net   -3.2 med   -2.4 win  47% t -3.87 CI [  -9.0,  +2.6] | rand   -4.5 excess   +1.3 (t -2.01) sameday   +9.2
  V2 5m v>=3x hi15         iex    15 n  2314 (11.57/d) spr  2.3 gross   +0.8 net   -1.5 med   -1.8 win  45% t -3.75 CI [  -3.6,  +0.6] | rand   -2.9 excess   +1.4 (t +0.02) sameday   +4.0
  V2 5m v>=3x hi15         iex    30 n  2054 (10.27/d) spr  2.4 gross   +0.2 net   -2.2 med   -1.5 win  47% t -3.53 CI [  -4.5,  +0.2] | rand   -2.7 excess   +0.4 (t -0.65) sameday   +6.0
  V2 5m v>=3x hi15         iex    60 n  1686 (8.43/d) spr  2.6 gross   -0.3 net   -2.9 med   -1.5 win  48% t -3.29 CI [  -6.4,  +1.2] | rand   -2.4 excess   -0.5 (t -1.36) sameday   +8.2
  V2 5m v>=3x hi15         iex   120 n  1152 (5.76/d) spr  2.9 gross   -4.6 net   -7.5 med   -3.9 win  46% t -3.46 CI [ -13.7,  -1.4] | rand   -3.3 excess   -4.2 (t -2.91) sameday   +4.2
  V2 5m v>=3x hi15         iex   eod n  2314 (11.57/d) spr  2.3 gross   -3.0 net   -5.4 med   -2.4 win  47% t -4.74 CI [ -10.4,  -0.5] | rand   -4.8 excess   -0.6 (t -2.63) sameday   +5.2
  V2 5m v>=3x hi15         sip    15 n  1557 (7.79/d) spr  2.1 gross   +2.1 net   +0.0 med   -1.2 win  47% t -2.06 CI [  -2.9,  +3.4] | rand   -2.4 excess   +2.4 (t +0.11) sameday   +6.0
  V2 5m v>=3x hi15         sip    30 n  1423 (7.12/d) spr  2.2 gross   +1.6 net   -0.6 med   -1.0 win  48% t -1.89 CI [  -3.8,  +3.2] | rand   -2.6 excess   +2.0 (t -0.20) sameday   +8.7
  V2 5m v>=3x hi15         sip    60 n  1212 (6.06/d) spr  2.3 gross   +0.3 net   -2.1 med   -0.2 win  49% t -2.79 CI [  -6.6,  +2.3] | rand   -3.3 excess   +1.3 (t -1.26) sameday  +11.5
  V2 5m v>=3x hi15         sip   120 n   844 (4.22/d) spr  2.4 gross   -1.2 net   -3.6 med   -2.4 win  48% t -2.72 CI [ -10.6,  +3.6] | rand   -3.5 excess   -0.1 (t -1.19) sameday  +11.4
  V2 5m v>=3x hi15         sip   eod n  1557 (7.79/d) spr  2.1 gross   +1.1 net   -1.1 med   -0.6 win  49% t -3.61 CI [  -7.6,  +5.8] | rand   -5.6 excess   +4.5 (t -1.26) sameday  +12.2
  V2 5m v>=3x hi30         iex    15 n  1896 (9.48/d) spr  2.5 gross   +1.1 net   -1.4 med   -1.7 win  45% t -3.28 CI [  -3.8,  +1.0] | rand   -2.4 excess   +1.0 (t -0.89) sameday   +4.5
  V2 5m v>=3x hi30         iex    30 n  1686 (8.43/d) spr  2.6 gross   -0.1 net   -2.6 med   -1.6 win  46% t -3.60 CI [  -5.6,  +0.2] | rand   -3.3 excess   +0.7 (t -1.01) sameday   +6.7
  V2 5m v>=3x hi30         iex    60 n  1390 (6.95/d) spr  2.8 gross   -0.9 net   -3.6 med   -1.9 win  47% t -3.56 CI [  -7.9,  +1.0] | rand   -2.3 excess   -1.4 (t -2.41) sameday   +9.6
  V2 5m v>=3x hi30         iex   120 n   966 (4.83/d) spr  3.1 gross   -4.1 net   -7.2 med   -3.7 win  46% t -3.22 CI [ -13.8,  -0.1] | rand   -2.3 excess   -4.9 (t -2.73) sameday   +6.6
  V2 5m v>=3x hi30         iex   eod n  1896 (9.48/d) spr  2.5 gross   -2.6 net   -5.1 med   -2.6 win  46% t -4.38 CI [ -10.7,  +0.5] | rand   -5.1 excess   +0.0 (t -2.20) sameday   +7.3
  V2 5m v>=3x hi30         sip    15 n  1313 (6.57/d) spr  2.2 gross   +2.5 net   +0.4 med   -1.4 win  47% t -1.83 CI [  -3.1,  +4.2] | rand   -2.4 excess   +2.7 (t +0.03) sameday   +6.9
  V2 5m v>=3x hi30         sip    30 n  1199 (6.00/d) spr  2.2 gross   +2.0 net   -0.3 med   -0.2 win  49% t -2.02 CI [  -3.8,  +3.8] | rand   -2.9 excess   +2.6 (t +0.01) sameday  +10.7
  V2 5m v>=3x hi30         sip    60 n  1017 (5.08/d) spr  2.4 gross   +0.2 net   -2.1 med   -0.0 win  50% t -2.37 CI [  -7.4,  +2.8] | rand   -2.1 excess   -0.0 (t -1.47) sameday  +13.2
  V2 5m v>=3x hi30         sip   120 n   714 (3.57/d) spr  2.4 gross   -1.7 net   -4.1 med   -2.7 win  48% t -2.83 CI [ -12.5,  +3.8] | rand   -2.7 excess   -1.3 (t -1.48) sameday  +13.2
  V2 5m v>=3x hi30         sip   eod n  1313 (6.57/d) spr  2.2 gross   +1.3 net   -0.9 med   -0.6 win  49% t -3.65 CI [  -8.0,  +6.1] | rand   -4.3 excess   +3.5 (t -1.86) sameday  +12.7
  V2 5m v>=5x hi15         iex    15 n   586 (2.93/d) spr  2.6 gross   +2.1 net   -0.5 med   -1.4 win  46% t -2.43 CI [  -4.4,  +3.1] | rand   -3.1 excess   +2.6 (t -0.63) sameday   +3.5
  V2 5m v>=5x hi15         iex    30 n   527 (2.63/d) spr  2.7 gross   +0.2 net   -2.5 med   -1.1 win  47% t -2.05 CI [  -7.0,  +2.2] | rand   -3.4 excess   +0.9 (t -0.65) sameday   +5.2
  V2 5m v>=5x hi15         iex    60 n   442 (2.21/d) spr  2.9 gross   -1.2 net   -4.1 med   -2.6 win  48% t -2.55 CI [ -10.5,  +3.5] | rand   -2.5 excess   -1.6 (t -1.54) sameday   +7.6
  V2 5m v>=5x hi15         iex   120 n   305 (1.52/d) spr  3.3 gross   -3.4 net   -6.7 med   -3.2 win  47% t -1.91 CI [ -20.7,  +5.0] | rand   -0.2 excess   -6.5 (t -2.00) sameday   +5.9
  V2 5m v>=5x hi15         iex   eod n   586 (2.93/d) spr  2.6 gross   -2.2 net   -4.8 med   -2.1 win  48% t -2.75 CI [ -14.9,  +3.9] | rand   -3.7 excess   -1.1 (t -1.89) sameday   +7.4
  V2 5m v>=5x hi15         sip    15 n   489 (2.44/d) spr  2.3 gross   +1.9 net   -0.4 med   -0.9 win  47% t -1.76 CI [  -5.5,  +5.0] | rand   -2.5 excess   +2.1 (t -0.74) sameday   +4.6
  V2 5m v>=5x hi15         sip    30 n   454 (2.27/d) spr  2.4 gross   +0.1 net   -2.3 med   -1.8 win  45% t -2.08 CI [  -7.6,  +3.2] | rand   -1.6 excess   -0.8 (t -1.23) sameday   +8.2
  V2 5m v>=5x hi15         sip    60 n   382 (1.91/d) spr  2.6 gross   -0.8 net   -3.4 med   -0.7 win  49% t -2.27 CI [ -10.6,  +3.9] | rand   -1.8 excess   -1.6 (t -1.56) sameday  +11.7
  V2 5m v>=5x hi15         sip   120 n   254 (1.27/d) spr  2.6 gross   -1.1 net   -3.8 med   -1.0 win  48% t -1.97 CI [ -18.8,  +9.4] | rand   -2.8 excess   -0.9 (t -1.33) sameday  +15.3
  V2 5m v>=5x hi15         sip   eod n   489 (2.44/d) spr  2.3 gross   +3.3 net   +1.0 med   +0.4 win  51% t -2.04 CI [  -8.1,  +9.6] | rand   -6.0 excess   +7.0 (t -1.00) sameday  +16.2
  V2 5m v>=5x hi30         iex    15 n   513 (2.56/d) spr  2.9 gross   +2.7 net   -0.2 med   -1.1 win  47% t -1.99 CI [  -5.4,  +5.5] | rand   -3.7 excess   +3.5 (t +0.39) sameday   +5.2
  V2 5m v>=5x hi30         iex    30 n   464 (2.32/d) spr  3.1 gross   +0.9 net   -2.1 med   -0.9 win  48% t -1.45 CI [  -7.5,  +3.2] | rand   -3.5 excess   +1.3 (t -0.25) sameday   +6.9
  V2 5m v>=5x hi30         iex    60 n   392 (1.96/d) spr  3.3 gross   -1.5 net   -4.8 med   -4.1 win  47% t -2.24 CI [ -12.5,  +2.2] | rand   -3.4 excess   -1.3 (t -1.09) sameday   +7.8
  V2 5m v>=5x hi30         iex   120 n   276 (1.38/d) spr  3.8 gross   -1.0 net   -4.8 med   -2.5 win  47% t -1.43 CI [ -19.1,  +7.4] | rand   -5.3 excess   +0.6 (t -0.70) sameday   +8.7
  V2 5m v>=5x hi30         iex   eod n   513 (2.56/d) spr  2.9 gross   -1.4 net   -4.2 med   -2.6 win  47% t -2.44 CI [ -15.0,  +5.4] | rand   -5.4 excess   +1.1 (t -1.57) sameday   +9.1
  V2 5m v>=5x hi30         sip    15 n   401 (2.00/d) spr  2.4 gross   +2.0 net   -0.4 med   -1.1 win  47% t -1.57 CI [  -7.0,  +5.9] | rand   -2.2 excess   +1.8 (t -0.92) sameday   +5.6
  V2 5m v>=5x hi30         sip    30 n   370 (1.85/d) spr  2.5 gross   +0.5 net   -2.1 med   -1.2 win  48% t -1.69 CI [  -8.6,  +3.9] | rand   -3.0 excess   +0.9 (t -0.66) sameday   +9.5
  V2 5m v>=5x hi30         sip    60 n   308 (1.54/d) spr  2.8 gross   -0.9 net   -3.6 med   +0.1 win  51% t -2.18 CI [ -13.6,  +5.0] | rand   -2.1 excess   -1.5 (t -1.71) sameday  +16.7
  V2 5m v>=5x hi30         sip   120 n   204 (1.02/d) spr  2.8 gross   -1.3 net   -4.1 med   -0.9 win  48% t -1.83 CI [ -24.8, +13.6] | rand   -7.2 excess   +3.0 (t -1.13) sameday  +17.0
  V2 5m v>=5x hi30         sip   eod n   401 (2.00/d) spr  2.4 gross   +4.4 net   +2.0 med   +2.0 win  52% t -1.64 CI [  -8.4, +12.9] | rand   -4.3 excess   +6.3 (t -0.74) sameday  +16.9
  V3 ABS                   iex    15 n 20552 (102.76/d) spr  2.4 gross   +0.0 net   -2.3 med   -1.8 win  45% t -10.01 CI [  -2.8,  -1.9] | rand   -2.5 excess   +0.1 (t +1.13) sameday   -5.0
  V3 ABS                   iex    30 n 19557 (97.78/d) spr  2.4 gross   -0.1 net   -2.5 med   -1.8 win  46% t -5.78 CI [  -3.3,  -1.7] | rand   -2.4 excess   -0.0 (t +0.66) sameday   -6.5
  V3 ABS                   iex    60 n 17669 (88.34/d) spr  2.4 gross   -0.4 net   -2.8 med   -1.9 win  47% t -3.23 CI [  -4.2,  -1.5] | rand   -2.8 excess   -0.0 (t +0.63) sameday   -7.8
  V3 ABS                   iex   120 n 13956 (69.78/d) spr  2.5 gross   -0.8 net   -3.2 med   -2.3 win  48% t -1.66 CI [  -6.0,  -0.7] | rand   -2.4 excess   -0.9 (t +0.08) sameday   -8.5
  V3 ABS                   iex   eod n 20552 (102.76/d) spr  2.4 gross   -1.9 net   -4.3 med   -2.6 win  47% t -1.56 CI [  -8.1,  -0.5] | rand   -3.9 excess   -0.4 (t +0.49) sameday   -9.2
  V3 ABS                   sip    15 n  8435 (42.17/d) spr  2.7 gross   +0.0 net   -2.7 med   -1.7 win  45% t -6.77 CI [  -3.5,  -1.9] | rand   -2.4 excess   -0.2 (t -0.09) sameday   -5.5
  V3 ABS                   sip    30 n  8017 (40.09/d) spr  2.7 gross   -0.2 net   -3.0 med   -1.7 win  46% t -4.84 CI [  -4.0,  -1.8] | rand   -2.3 excess   -0.7 (t -0.56) sameday   -7.0
  V3 ABS                   sip    60 n  7229 (36.15/d) spr  2.8 gross   -0.3 net   -3.1 med   -1.9 win  47% t -2.67 CI [  -4.7,  -1.4] | rand   -2.4 excess   -0.7 (t -0.01) sameday   -8.1
  V3 ABS                   sip   120 n  5774 (28.87/d) spr  2.9 gross   -1.3 net   -4.2 med   -2.2 win  48% t -1.55 CI [  -7.2,  -1.1] | rand   -2.2 excess   -2.0 (t -0.18) sameday   -9.4
  V3 ABS                   sip   eod n  8435 (42.17/d) spr  2.7 gross   -2.2 net   -4.9 med   -2.6 win  47% t -1.43 CI [  -8.9,  -1.0] | rand   -3.9 excess   -1.0 (t +0.36) sameday  -10.1
  V3 EFR                   iex    15 n 42674 (213.37/d) spr  2.2 gross   -0.0 net   -2.2 med   -1.7 win  45% t -9.81 CI [  -2.6,  -1.8] | rand   -2.3 excess   +0.1 (t +0.46) sameday   -1.2
  V3 EFR                   iex    30 n 40239 (201.19/d) spr  2.2 gross   +0.1 net   -2.1 med   -1.7 win  46% t -5.85 CI [  -2.8,  -1.4] | rand   -2.4 excess   +0.3 (t +0.48) sameday   -0.5
  V3 EFR                   iex    60 n 35751 (178.75/d) spr  2.2 gross   -0.1 net   -2.3 med   -1.7 win  47% t -3.65 CI [  -3.7,  -1.0] | rand   -2.4 excess   +0.1 (t -0.05) sameday   -0.1
  V3 EFR                   iex   120 n 27449 (137.25/d) spr  2.3 gross   -0.5 net   -2.8 med   -1.6 win  48% t -2.48 CI [  -5.4,  -0.4] | rand   -2.9 excess   +0.1 (t -0.26) sameday   -0.2
  V3 EFR                   iex   eod n 42674 (213.37/d) spr  2.2 gross   -1.8 net   -4.0 med   -2.7 win  47% t -2.53 CI [  -7.4,  -0.7] | rand   -3.8 excess   -0.1 (t -0.38) sameday   -1.8
  V3 EFR                   sip    15 n 19967 (99.83/d) spr  2.4 gross   -0.0 net   -2.4 med   -1.8 win  44% t -7.00 CI [  -3.1,  -1.6] | rand   -2.4 excess   +0.0 (t -0.27) sameday   +0.0
  V3 EFR                   sip    30 n 18883 (94.42/d) spr  2.4 gross   +0.0 net   -2.4 med   -1.8 win  46% t -5.28 CI [  -3.4,  -1.3] | rand   -2.6 excess   +0.3 (t +0.11) sameday   +1.5
  V3 EFR                   sip    60 n 16688 (83.44/d) spr  2.4 gross   -0.4 net   -2.8 med   -2.3 win  47% t -4.47 CI [  -4.4,  -1.3] | rand   -2.5 excess   -0.3 (t -1.05) sameday   +2.2
  V3 EFR                   sip   120 n 12673 (63.37/d) spr  2.5 gross   -0.6 net   -3.1 med   -2.1 win  48% t -2.95 CI [  -6.1,  -0.3] | rand   -3.0 excess   -0.1 (t -0.78) sameday   +2.4
  V3 EFR                   sip   eod n 19967 (99.83/d) spr  2.4 gross   -1.9 net   -4.3 med   -3.1 win  46% t -3.11 CI [  -7.9,  -0.8] | rand   -4.3 excess   +0.0 (t -0.84) sameday   +0.6
  V3 NS                    iex    15 n 32699 (163.50/d) spr  2.1 gross   +0.3 net   -1.7 med   -1.2 win  47% t -9.21 CI [  -2.2,  -1.3] | rand   -2.1 excess   +0.4 (t -0.45) sameday   +1.6
  V3 NS                    iex    30 n 31838 (159.19/d) spr  2.1 gross   +0.5 net   -1.6 med   -1.0 win  48% t -6.29 CI [  -2.4,  -0.7] | rand   -2.3 excess   +0.7 (t -0.96) sameday   +3.6
  V3 NS                    iex    60 n 29881 (149.41/d) spr  2.1 gross   +0.9 net   -1.2 med   -0.8 win  49% t -4.31 CI [  -2.7,  +0.1] | rand   -2.3 excess   +1.0 (t -1.39) sameday   +4.5
  V3 NS                    iex   120 n 25392 (126.96/d) spr  2.2 gross   +0.8 net   -1.3 med   -0.4 win  50% t -3.24 CI [  -4.7,  +1.4] | rand   -2.6 excess   +1.3 (t -1.69) sameday   +4.5
  V3 NS                    iex   eod n 32699 (163.50/d) spr  2.1 gross   -0.9 net   -2.9 med   -1.9 win  48% t -3.28 CI [  -7.6,  +1.9] | rand   -4.0 excess   +1.0 (t -1.72) sameday   +2.8
  V3 NS                    sip    15 n 31047 (155.24/d) spr  2.3 gross   +0.1 net   -2.3 med   -1.7 win  45% t -11.10 CI [  -2.7,  -1.8] | rand   -2.3 excess   +0.1 (t -2.05) sameday   +0.8
  V3 NS                    sip    30 n 30434 (152.17/d) spr  2.3 gross   +0.1 net   -2.2 med   -1.5 win  47% t -7.90 CI [  -3.0,  -1.4] | rand   -2.5 excess   +0.3 (t -1.91) sameday   +2.3
  V3 NS                    sip    60 n 28764 (143.82/d) spr  2.4 gross   +0.5 net   -1.9 med   -1.4 win  48% t -5.48 CI [  -3.3,  -0.6] | rand   -2.5 excess   +0.6 (t -2.06) sameday   +2.8
  V3 NS                    sip   120 n 24178 (120.89/d) spr  2.5 gross   +0.2 net   -2.3 med   -1.3 win  49% t -3.99 CI [  -5.3,  +0.2] | rand   -2.7 excess   +0.4 (t -2.27) sameday   +2.6
  V3 NS                    sip   eod n 31047 (155.24/d) spr  2.3 gross   -1.9 net   -4.2 med   -2.5 win  47% t -3.92 CI [  -8.6,  +0.2] | rand   -4.2 excess   -0.1 (t -2.22) sameday   +0.7

### L SIP vs IEX detection (long, tune+validate pooled): n / gross / net / t
  V1 pace>=1.6           15: S 5432/-0.1/-2.5/-5.0  I 7754/-0.4/-2.5/-6.6 | 30: S 5222/-0.1/-2.5/-5.2  I 7442/-0.9/-3.0/-6.4 | 60: S 4792/+0.4/-2.1/-4.9  I 6823/-0.7/-2.9/-5.4 | 120: S 3946/+2.2/-0.4/-4.3  I 5602/-0.6/-2.8/-4.0 | eod: S 5432/-1.7/-4.0/-4.2  I 7754/-1.5/-3.6/-3.9
  V1 pace>=2             15: S 1949/-1.3/-4.2/-5.0  I 3171/-0.5/-2.7/-5.4 | 30: S 1880/-2.5/-5.4/-5.2  I 3061/-0.7/-2.9/-5.6 | 60: S 1754/-3.0/-6.1/-5.3  I 2829/+0.0/-2.3/-4.6 | 120: S 1501/+0.2/-2.9/-4.1  I 2363/+2.6/+0.2/-3.7 | eod: S 1949/-3.3/-6.3/-4.6  I 3171/+1.7/-0.6/-3.0
  V1 pace>=3             15: S 495/+1.5/-1.1/-2.5  I 674/+0.7/-1.9/-3.2 | 30: S 480/+1.2/-1.5/-3.0  I 650/+1.4/-1.3/-3.0 | 60: S 453/+3.7/+0.9/-2.5  I 609/+4.2/+1.5/-2.5 | 120: S 397/+7.2/+4.3/-2.0  I 530/+11.6/+8.8/-1.7 | eod: S 495/+10.4/+7.7/-2.5  I 674/+12.5/+9.9/-2.0
  V2 1m v>=3x hi15       15: S 8973/+0.6/-2.1/-4.5  I 16105/+0.0/-2.3/-6.9 | 30: S 8615/+1.3/-1.4/-3.3  I 15320/+0.1/-2.2/-5.3 | 60: S 7682/+0.4/-2.3/-3.9  I 13697/-0.3/-2.7/-4.8 | 120: S 5944/+0.3/-2.5/-3.2  I 10520/-0.3/-2.7/-3.4 | eod: S 8973/-1.2/-3.9/-3.7  I 16105/-1.9/-4.2/-3.7
  V2 1m v>=3x hi30       15: S 6981/+0.7/-1.7/-4.2  I 11833/+0.1/-2.1/-6.0 | 30: S 6706/+1.5/-1.0/-3.1  I 11244/+0.4/-1.8/-4.7 | 60: S 5965/+0.7/-1.7/-3.7  I 10025/-0.2/-2.4/-4.5 | 120: S 4611/+0.5/-2.1/-3.4  I 7627/+0.1/-2.2/-3.4 | eod: S 6981/-1.1/-3.5/-4.0  I 11833/-1.7/-3.9/-3.9
  V2 1m v>=5x hi15       15: S 3450/+1.5/-1.2/-2.8  I 6247/+0.3/-2.1/-5.2 | 30: S 3323/+1.8/-0.9/-2.7  I 5958/+0.7/-1.8/-4.1 | 60: S 2953/+0.8/-2.0/-3.4  I 5308/-0.2/-2.7/-4.4 | 120: S 2243/+0.5/-2.3/-2.6  I 3993/-1.1/-3.7/-3.4 | eod: S 3450/-0.4/-3.1/-3.4  I 6247/-1.8/-4.3/-3.9
  V2 1m v>=5x hi30       15: S 2669/+1.8/-0.8/-2.7  I 4604/+0.1/-2.2/-5.1 | 30: S 2574/+2.3/-0.3/-2.5  I 4382/+0.6/-1.8/-4.2 | 60: S 2286/+0.8/-1.9/-3.9  I 3891/-0.2/-2.7/-4.3 | 120: S 1724/+0.5/-2.2/-3.1  I 2905/-1.4/-4.0/-3.6 | eod: S 2669/-0.7/-3.2/-3.9  I 4604/-1.7/-4.1/-4.2
  V2 5m v>=3x hi15       15: S 1557/+2.1/+0.0/-2.1  I 2314/+0.8/-1.5/-3.8 | 30: S 1423/+1.6/-0.6/-1.9  I 2054/+0.2/-2.2/-3.5 | 60: S 1212/+0.3/-2.1/-2.8  I 1686/-0.3/-2.9/-3.3 | 120: S 844/-1.2/-3.6/-2.7  I 1152/-4.6/-7.5/-3.5 | eod: S 1557/+1.1/-1.1/-3.6  I 2314/-3.0/-5.4/-4.7
  V2 5m v>=3x hi30       15: S 1313/+2.5/+0.4/-1.8  I 1896/+1.1/-1.4/-3.3 | 30: S 1199/+2.0/-0.3/-2.0  I 1686/-0.1/-2.6/-3.6 | 60: S 1017/+0.2/-2.1/-2.4  I 1390/-0.9/-3.6/-3.6 | 120: S 714/-1.7/-4.1/-2.8  I 966/-4.1/-7.2/-3.2 | eod: S 1313/+1.3/-0.9/-3.6  I 1896/-2.6/-5.1/-4.4
  V2 5m v>=5x hi15       15: S 489/+1.9/-0.4/-1.8  I 586/+2.1/-0.5/-2.4 | 30: S 454/+0.1/-2.3/-2.1  I 527/+0.2/-2.5/-2.0 | 60: S 382/-0.8/-3.4/-2.3  I 442/-1.2/-4.1/-2.5 | 120: S 254/-1.1/-3.8/-2.0  I 305/-3.4/-6.7/-1.9 | eod: S 489/+3.3/+1.0/-2.0  I 586/-2.2/-4.8/-2.7
  V2 5m v>=5x hi30       15: S 401/+2.0/-0.4/-1.6  I 513/+2.7/-0.2/-2.0 | 30: S 370/+0.5/-2.1/-1.7  I 464/+0.9/-2.1/-1.5 | 60: S 308/-0.9/-3.6/-2.2  I 392/-1.5/-4.8/-2.2 | 120: S 204/-1.3/-4.1/-1.8  I 276/-1.0/-4.8/-1.4 | eod: S 401/+4.4/+2.0/-1.6  I 513/-1.4/-4.2/-2.4
  V3 ABS                 15: S 8435/+0.0/-2.7/-6.8  I 20552/+0.0/-2.3/-10.0 | 30: S 8017/-0.2/-3.0/-4.8  I 19557/-0.1/-2.5/-5.8 | 60: S 7229/-0.3/-3.1/-2.7  I 17669/-0.4/-2.8/-3.2 | 120: S 5774/-1.3/-4.2/-1.5  I 13956/-0.8/-3.2/-1.7 | eod: S 8435/-2.2/-4.9/-1.4  I 20552/-1.9/-4.3/-1.6
  V3 EFR                 15: S 19967/-0.0/-2.4/-7.0  I 42674/-0.0/-2.2/-9.8 | 30: S 18883/+0.0/-2.4/-5.3  I 40239/+0.1/-2.1/-5.8 | 60: S 16688/-0.4/-2.8/-4.5  I 35751/-0.1/-2.3/-3.7 | 120: S 12673/-0.6/-3.1/-2.9  I 27449/-0.5/-2.8/-2.5 | eod: S 19967/-1.9/-4.3/-3.1  I 42674/-1.8/-4.0/-2.5
  V3 NS                  15: S 31047/+0.1/-2.3/-11.1  I 32699/+0.3/-1.7/-9.2 | 30: S 30434/+0.1/-2.2/-7.9  I 31838/+0.5/-1.6/-6.3 | 60: S 28764/+0.5/-1.9/-5.5  I 29881/+0.9/-1.2/-4.3 | 120: S 24178/+0.2/-2.3/-4.0  I 25392/+0.8/-1.3/-3.2 | eod: S 31047/-1.9/-4.2/-3.9  I 32699/-0.9/-2.9/-3.3

===== V1-V3, C (/tmp/e4_C_report.txt) =====

## Universe C — LONG cells (net bp/trade; t day-clustered)
signal                   feed hold | tune n  gross    net     t excess  t_ex   rand sameday | promo
V1 pace>=1.6             iex    15 |  11504   -0.4  -26.6 -15.64   +0.7 +0.01  -27.2   -21.1 | 
V1 pace>=1.6             iex    30 |  11101   -1.2  -27.5 -11.86   +0.4 -0.38  -27.9   -20.1 | 
V1 pace>=1.6             iex    60 |  10263   -0.7  -27.3 -7.68   +1.8 -0.28  -29.2   -19.6 | 
V1 pace>=1.6             iex   120 |   8533   +2.4  -24.9 -4.13   +3.2 -0.20  -28.1   -16.6 | 
V1 pace>=1.6             iex   eod |  11504   +0.7  -25.4 -3.33   +7.4 -0.10  -32.9   -19.0 | 
V1 pace>=1.6             sip    15 |   9061   -0.8  -30.0 -10.69   -0.7 -1.20  -29.3   -24.5 | 
V1 pace>=1.6             sip    30 |   8743   -1.4  -30.9 -9.45   -0.6 -1.17  -30.2   -21.9 | 
V1 pace>=1.6             sip    60 |   8083   +0.3  -29.3 -6.57   +1.5 -0.77  -30.8   -19.3 | 
V1 pace>=1.6             sip   120 |   6710   +2.6  -27.2 -3.97   +4.7 -0.35  -31.9   -16.4 | 
V1 pace>=1.6             sip   eod |   9061   +0.8  -28.5 -3.20   +8.2 -0.14  -36.7   -21.0 | 
V1 pace>=2               iex    15 |   6431   -0.4  -28.5 -12.75   +1.9 +0.35  -30.3   -23.4 | 
V1 pace>=2               iex    30 |   6243   -0.5  -28.7 -9.84   +1.6 -0.29  -30.3   -20.7 | 
V1 pace>=2               iex    60 |   5852   -0.0  -28.5 -6.50   +1.6 -0.47  -30.2   -19.1 | 
V1 pace>=2               iex   120 |   5004   +5.7  -23.2 -3.42   +7.8 +0.21  -31.0   -15.7 | 
V1 pace>=2               iex   eod |   6431   +0.3  -27.7 -3.03   +8.7 -0.16  -36.3   -20.8 | 
V1 pace>=2               sip    15 |   4960   -2.2  -32.0 -9.08   -1.3 -1.54  -30.7   -23.7 | 
V1 pace>=2               sip    30 |   4802   -3.7  -33.8 -7.21   -2.9 -1.88  -30.9   -23.0 | 
V1 pace>=2               sip    60 |   4455   -3.4  -33.9 -5.28   -0.4 -1.41  -33.6   -21.6 | 
V1 pace>=2               sip   120 |   3722   +0.9  -30.1 -3.61   +3.3 -1.07  -33.4   -17.2 | 
V1 pace>=2               sip   eod |   4960   -1.9  -31.7 -2.98  +10.1 -0.80  -41.8   -22.2 | 
V1 pace>=3               iex    15 |   2156   -3.6  -41.2 -8.72   -3.1 -0.82  -38.1   -34.5 | 
V1 pace>=3               iex    30 |   2097   -5.7  -43.4 -7.55   -6.0 -1.82  -37.4   -33.5 | 
V1 pace>=3               iex    60 |   1970   -6.3  -44.4 -5.93   -5.0 -1.58  -39.4   -32.6 | 
V1 pace>=3               iex   120 |   1694   -1.6  -40.4 -4.28   -0.3 -1.05  -40.1   -30.0 | 
V1 pace>=3               iex   eod |   2156   -9.3  -46.8 -3.53   -2.1 -1.13  -44.7   -37.1 | 
V1 pace>=3               sip    15 |   1578   -5.1  -34.2 -5.18   -2.6 -1.86  -31.7   -27.0 | 
V1 pace>=3               sip    30 |   1531   -9.4  -38.8 -5.16   -4.9 -2.40  -33.9   -24.4 | 
V1 pace>=3               sip    60 |   1428  -11.7  -41.0 -4.86   -4.7 -2.11  -36.3   -26.6 | 
V1 pace>=3               sip   120 |   1214   -6.8  -36.1 -3.40   -0.2 -1.59  -35.9   -21.2 | 
V1 pace>=3               sip   eod |   1578  -12.7  -41.8 -2.30   +7.7 -1.09  -49.5   -27.9 | 
V2 1m v>=3x hi15         iex    15 |  44266   +0.1  -29.5 -29.62   -0.7 -0.89  -28.8   -22.1 | 
V2 1m v>=3x hi15         iex    30 |  42130   -0.8  -30.6 -21.85   -1.2 -1.07  -29.4   -18.3 | 
V2 1m v>=3x hi15         iex    60 |  38333   -2.1  -32.1 -12.40   -2.1 -1.02  -30.1   -16.0 | 
V2 1m v>=3x hi15         iex   120 |  30283   -0.7  -31.8 -6.71   -1.1 -0.44  -30.7   -14.9 | 
V2 1m v>=3x hi15         iex   eod |  44266   -8.4  -38.0 -5.92   -3.2 -0.70  -34.8   -22.2 | 
V2 1m v>=3x hi15         sip    15 |  24393   -0.0  -29.4 -27.92   -0.3 -0.58  -29.0   -17.9 | 
V2 1m v>=3x hi15         sip    30 |  23239   -0.9  -30.5 -21.19   -0.6 -0.72  -29.9   -11.2 | 
V2 1m v>=3x hi15         sip    60 |  21112   -2.7  -32.5 -12.45   -1.8 -0.97  -30.7    -7.1 | 
V2 1m v>=3x hi15         sip   120 |  16410   -1.0  -31.9 -6.88   -1.4 -0.49  -30.5    -6.2 | 
V2 1m v>=3x hi15         sip   eod |  24393   -8.8  -38.1 -5.98   -2.1 -0.60  -36.0   -13.0 | 
V2 1m v>=3x hi30         iex    15 |  31456   -0.1  -30.0 -27.93   -0.7 -0.99  -29.2   -19.0 | 
V2 1m v>=3x hi30         iex    30 |  29931   -1.6  -31.7 -21.48   -2.2 -1.79  -29.5   -14.0 | 
V2 1m v>=3x hi30         iex    60 |  27205   -3.1  -33.5 -12.64   -2.4 -1.27  -31.1   -10.7 | 
V2 1m v>=3x hi30         iex   120 |  21406   -1.8  -33.2 -6.83   -2.3 -0.72  -30.9   -10.6 | 
V2 1m v>=3x hi30         iex   eod |  31456   -9.5  -39.4 -6.18   -3.6 -0.85  -35.8   -17.1 | 
V2 1m v>=3x hi30         sip    15 |  17686   -0.1  -28.7 -24.53   -0.5 -0.93  -28.2   -13.7 | 
V2 1m v>=3x hi30         sip    30 |  16882   -1.9  -30.6 -17.99   -1.6 -1.27  -29.0    -5.8 | 
V2 1m v>=3x hi30         sip    60 |  15349   -3.6  -32.6 -11.14   -2.4 -1.18  -30.2    -1.5 | 
V2 1m v>=3x hi30         sip   120 |  11930   -2.4  -32.3 -6.74   -1.3 -0.57  -31.0    +0.0 | 
V2 1m v>=3x hi30         sip   eod |  17686  -11.3  -39.9 -6.03   -3.5 -0.91  -36.4    -9.0 | 
V2 1m v>=5x hi15         iex    15 |  27305   +0.3  -33.8 -30.48   -1.0 -1.08  -32.9   -26.4 | 
V2 1m v>=5x hi15         iex    30 |  26078   -0.7  -34.9 -23.62   -1.7 -1.40  -33.3   -23.0 | 
V2 1m v>=5x hi15         iex    60 |  23804   -2.0  -36.4 -13.60   -1.9 -0.93  -34.5   -20.6 | 
V2 1m v>=5x hi15         iex   120 |  18885   -0.4  -36.2 -7.51   -0.6 -0.33  -35.6   -20.1 | 
V2 1m v>=5x hi15         iex   eod |  27305   -7.5  -41.6 -6.13   -3.0 -0.62  -38.7   -26.1 | 
V2 1m v>=5x hi15         sip    15 |  11859   -0.8  -33.9 -28.73   -1.5 -1.94  -32.5   -21.3 | 
V2 1m v>=5x hi15         sip    30 |  11399   -2.0  -35.2 -23.15   -2.9 -2.29  -32.4   -14.3 | 
V2 1m v>=5x hi15         sip    60 |  10424   -3.0  -36.5 -12.59   -2.8 -1.23  -33.6   -10.0 | 
V2 1m v>=5x hi15         sip   120 |   8023   -1.8  -36.7 -7.38   -1.5 -0.46  -35.2    -9.0 | 
V2 1m v>=5x hi15         sip   eod |  11859   -7.8  -40.9 -6.43   -3.2 -0.71  -37.7   -13.5 | 
V2 1m v>=5x hi30         iex    15 |  19683   +0.0  -34.3 -29.13   -1.3 -1.41  -32.9   -23.8 | 
V2 1m v>=5x hi30         iex    30 |  18803   -1.6  -36.1 -21.38   -3.0 -2.14  -33.1   -18.5 | 
V2 1m v>=5x hi30         iex    60 |  17166   -3.1  -37.9 -12.83   -3.0 -1.33  -34.8   -15.1 | 
V2 1m v>=5x hi30         iex   120 |  13564   -2.4  -38.4 -7.41   -2.5 -0.75  -35.9   -15.8 | 
V2 1m v>=5x hi30         iex   eod |  19683   -9.0  -43.4 -6.32   -4.1 -0.88  -39.3   -21.1 | 
V2 1m v>=5x hi30         sip    15 |   8786   -1.5  -33.9 -25.33   -2.9 -2.73  -31.0   -17.8 | 
V2 1m v>=5x hi30         sip    30 |   8454   -3.4  -35.9 -19.65   -4.1 -2.38  -31.7    -9.8 | 
V2 1m v>=5x hi30         sip    60 |   7721   -4.0  -36.7 -11.60   -3.6 -1.45  -33.0    -4.1 | 
V2 1m v>=5x hi30         sip   120 |   5927   -3.1  -37.1 -7.14   -4.7 -1.13  -32.5    -2.7 | 
V2 1m v>=5x hi30         sip   eod |   8786  -10.3  -42.6 -6.34   -3.9 -0.81  -38.8    -9.1 | 
V2 5m v>=3x hi15         iex    15 |   7995   +0.1  -32.7 -26.27   -1.3 -1.31  -31.4   -21.8 | 
V2 5m v>=3x hi15         iex    30 |   7150   -1.4  -35.4 -17.09   -1.9 -1.07  -33.5   -18.5 | 
V2 5m v>=3x hi15         iex    60 |   6086   -1.9  -36.5 -10.17   +0.1 -0.16  -36.6   -17.4 | 
V2 5m v>=3x hi15         iex   120 |   4284   -4.0  -40.6 -6.75   -3.5 -0.67  -37.1   -18.6 | 
V2 5m v>=3x hi15         iex   eod |   7995   -8.4  -41.2 -6.24   -3.9 -0.72  -37.2   -21.1 | 
V2 5m v>=3x hi15         sip    15 |   4235   -0.8  -32.3 -15.43   -2.2 -1.30  -30.1   -16.4 | 
V2 5m v>=3x hi15         sip    30 |   3824   -2.8  -35.2 -10.28   -2.7 -0.96  -32.6   -10.6 | 
V2 5m v>=3x hi15         sip    60 |   3241   -7.3  -40.5 -6.67   -3.0 -0.83  -37.5   -11.1 | 
V2 5m v>=3x hi15         sip   120 |   2192   -8.7  -44.4 -4.71   -5.8 -0.85  -38.6   -14.6 | 
V2 5m v>=3x hi15         sip   eod |   4235  -11.8  -43.4 -5.29   -6.4 -0.89  -37.0   -13.5 | 
V2 5m v>=3x hi30         iex    15 |   6679   -0.7  -35.3 -23.41   -1.6 -1.36  -33.7   -22.8 | 
V2 5m v>=3x hi30         iex    30 |   6019   -2.9  -38.6 -16.79   -4.1 -2.12  -34.6   -17.0 | 
V2 5m v>=3x hi30         iex    60 |   5160   -3.3  -39.8 -10.46   -3.4 -1.17  -36.4   -15.4 | 
V2 5m v>=3x hi30         iex   120 |   3639   -7.1  -46.0 -7.55   -8.6 -1.37  -37.5   -17.5 | 
V2 5m v>=3x hi30         iex   eod |   6679  -10.4  -45.0 -6.63   -4.8 -1.05  -40.2   -20.5 | 
V2 5m v>=3x hi30         sip    15 |   3489   -0.7  -32.3 -12.85   -2.5 -1.35  -29.8   -14.2 | 
V2 5m v>=3x hi30         sip    30 |   3158   -3.7  -36.0 -9.21   -3.9 -1.17  -32.2    -7.9 | 
V2 5m v>=3x hi30         sip    60 |   2683   -6.6  -39.7 -5.95   -2.6 -0.81  -37.0    -7.6 | 
V2 5m v>=3x hi30         sip   120 |   1799   -7.6  -43.1 -4.04   -1.3 -0.42  -41.8    -9.5 | 
V2 5m v>=3x hi30         sip   eod |   3489  -11.4  -43.0 -4.92   -7.9 -1.02  -35.1   -11.4 | 
V2 5m v>=5x hi15         iex    15 |   3043   +0.3  -36.7 -16.97   -0.4 -0.29  -36.3   -25.4 | 
V2 5m v>=5x hi15         iex    30 |   2735   +0.2  -38.1 -13.03   -1.0 -0.40  -37.2   -21.0 | 
V2 5m v>=5x hi15         iex    60 |   2343   -1.5  -40.8 -9.58   -2.0 -0.58  -38.8   -17.9 | 
V2 5m v>=5x hi15         iex   120 |   1684   -3.9  -44.3 -6.71   +0.1 +0.03  -44.4   -24.0 | 
V2 5m v>=5x hi15         iex   eod |   3043  -12.4  -49.4 -6.47   -8.1 -1.15  -41.3   -27.2 | 
V2 5m v>=5x hi15         sip    15 |   1321   -2.0  -34.6 -8.02   -1.3 -0.38  -33.4   -17.5 | 
V2 5m v>=5x hi15         sip    30 |   1207   -4.0  -37.3 -7.20   -2.4 -0.74  -34.9    -9.9 | 
V2 5m v>=5x hi15         sip    60 |   1042   -6.6  -39.8 -4.68   -2.1 -0.71  -37.7    -8.4 | 
V2 5m v>=5x hi15         sip   120 |    690   -9.0  -45.3 -3.54   -0.3 -0.20  -45.0   -12.7 | 
V2 5m v>=5x hi15         sip   eod |   1321  -10.7  -43.3 -4.15   -5.1 -0.71  -38.2   -12.9 | 
V2 5m v>=5x hi30         iex    15 |   2661   -0.2  -39.0 -15.47   -1.8 -0.80  -37.1   -26.1 | 
V2 5m v>=5x hi30         iex    30 |   2408   -2.7  -42.6 -11.79   -4.1 -1.29  -38.6   -22.1 | 
V2 5m v>=5x hi30         iex    60 |   2070   -5.0  -46.4 -8.88   -5.3 -1.32  -41.1   -18.1 | 
V2 5m v>=5x hi30         iex   120 |   1476   -7.2  -50.0 -6.73   -6.0 -0.72  -44.1   -23.3 | 
V2 5m v>=5x hi30         iex   eod |   2661  -13.9  -52.7 -6.62  -10.4 -1.48  -42.2   -25.9 | 
V2 5m v>=5x hi30         sip    15 |   1118   -1.5  -34.8 -6.78   -2.1 -0.63  -32.7   -16.3 | 
V2 5m v>=5x hi30         sip    30 |   1022   -3.9  -38.0 -6.50   -2.1 -0.54  -35.9    -5.7 | 
V2 5m v>=5x hi30         sip    60 |    878   -5.6  -40.0 -4.08   -5.1 -1.10  -35.0    -5.9 | 
V2 5m v>=5x hi30         sip   120 |    574   -8.7  -46.8 -2.94   -4.2 -0.72  -42.7    -8.6 | 
V2 5m v>=5x hi30         sip   eod |   1118  -11.1  -44.4 -3.76   -5.2 -0.70  -39.2    -9.4 | 
V3 ABS                   iex    15 |  54072   -0.9  -29.5 -29.40   -1.2 -1.15  -28.3   -34.5 | 
V3 ABS                   iex    30 |  51760   -1.4  -30.1 -19.53   -1.3 -0.61  -28.8   -38.2 | 
V3 ABS                   iex    60 |  46996   -2.5  -31.4 -11.37   -1.6 -0.34  -29.8   -41.2 | 
V3 ABS                   iex   120 |  37159   -2.1  -31.7 -5.99   -2.0 -0.06  -29.8   -42.1 | 
V3 ABS                   iex   eod |  54072   -6.8  -35.4 -5.07   -0.3 +0.24  -35.1   -44.7 | 
V3 ABS                   sip    15 |  15299   -1.8  -36.1 -24.46   -3.4 -2.21  -32.7   -42.4 | 
V3 ABS                   sip    30 |  14790   -2.6  -37.2 -17.94   -3.6 -1.60  -33.6   -48.2 | 
V3 ABS                   sip    60 |  13612   -4.6  -39.5 -12.06   -4.1 -1.02  -35.3   -53.5 | 
V3 ABS                   sip   120 |  11078   -6.0  -41.4 -6.79   -7.0 -0.87  -34.4   -55.0 | 
V3 ABS                   sip   eod |  15299  -11.8  -46.1 -5.24   -5.4 -0.25  -40.7   -59.7 | 
V3 EFR                   iex    15 |  67805   -0.1  -20.4 -27.29   +0.0 +0.02  -20.4   -18.7 | 
V3 EFR                   iex    30 |  63781   -0.6  -21.1 -17.61   +0.0 +0.01  -21.1   -18.1 | 
V3 EFR                   iex    60 |  57211   -1.3  -22.0 -9.76   +0.1 +0.02  -22.1   -17.7 | 
V3 EFR                   iex   120 |  44896   -0.3  -21.7 -4.88   +0.7 +0.12  -22.4   -17.3 | 
V3 EFR                   iex   eod |  67805   -6.3  -26.6 -4.48   +0.1 +0.01  -26.7   -22.4 | 
V3 EFR                   sip    15 |  54071   -1.0  -28.0 -32.75   -1.5 -2.04  -26.5   -23.2 | 
V3 EFR                   sip    30 |  51102   -1.7  -29.0 -23.59   -1.7 -1.58  -27.3   -21.5 | 
V3 EFR                   sip    60 |  45791   -3.0  -30.5 -13.11   -2.5 -1.12  -28.0   -20.6 | 
V3 EFR                   sip   120 |  35460   -2.7  -31.1 -6.94   -2.5 -0.57  -28.6   -21.0 | 
V3 EFR                   sip   eod |  54071   -7.8  -34.7 -5.90   -2.9 -0.53  -31.8   -25.4 | 
V3 NS                    iex    15 |  15013   +0.6   -7.8 -8.19   +1.4 +0.82   -9.2    -0.1 | 
V3 NS                    iex    30 |  14597   -2.7  -11.1 -6.61   -1.1 -1.13  -10.0    +2.2 | 
V3 NS                    iex    60 |  13641   -2.4  -10.9 -4.13   -0.1 -0.77  -10.8    +3.3 | 
V3 NS                    iex   120 |  11830   -3.1  -11.9 -3.03   -1.8 -1.13  -10.2    +3.2 | 
V3 NS                    iex   eod |  15013  -12.8  -21.2 -3.37   -4.4 -1.18  -16.8    -6.8 | 
V3 NS                    sip    15 |  41765   -0.4  -21.2 -23.56   -0.2 -0.74  -21.0   -13.4 | 
V3 NS                    sip    30 |  40837   -2.3  -23.2 -13.68   -1.0 -1.20  -22.1   -10.4 | 
V3 NS                    sip    60 |  38364   -3.9  -24.8 -8.31   -2.4 -1.41  -22.4    -9.8 | 
V3 NS                    sip   120 |  32756   -5.3  -26.8 -5.73   -4.6 -1.51  -22.2   -12.1 | 
V3 NS                    sip   eod |  41765  -12.9  -33.7 -4.98   -4.9 -1.23  -28.9   -19.3 | 

Long cells: 140; t>=2: 0, t<=-2: 140, net>0 pooled: 0  (under pure noise ~2.3% each tail)
Promoted (pre-registered rule): 0

### C short mirror (info; tune pooled): cells with t >= 2

### C detail (tune pooled, long)
  V1 pace>=1.6             iex    15 n 11504 (287.60/d) spr 26.1 gross   -0.4 net  -26.6 med  -16.3 win  35% t -15.64 CI [ -30.5, -22.8] | rand  -27.2 excess   +0.7 (t +0.01) sameday  -21.1
  V1 pace>=1.6             iex    30 n 11101 (277.52/d) spr 26.3 gross   -1.2 net  -27.5 med  -18.4 win  38% t -11.86 CI [ -32.7, -22.5] | rand  -27.9 excess   +0.4 (t -0.38) sameday  -20.1
  V1 pace>=1.6             iex    60 n 10263 (256.57/d) spr 26.7 gross   -0.7 net  -27.3 med  -19.9 win  40% t -7.68 CI [ -35.9, -19.2] | rand  -29.2 excess   +1.8 (t -0.28) sameday  -19.6
  V1 pace>=1.6             iex   120 n  8533 (213.32/d) spr 27.3 gross   +2.4 net  -24.9 med  -21.0 win  43% t -4.13 CI [ -41.0, -10.4] | rand  -28.1 excess   +3.2 (t -0.20) sameday  -16.6
  V1 pace>=1.6             iex   eod n 11504 (287.60/d) spr 26.1 gross   +0.7 net  -25.4 med  -20.7 win  43% t -3.33 CI [ -47.2,  -7.2] | rand  -32.9 excess   +7.4 (t -0.10) sameday  -19.0
  V1 pace>=1.6             sip    15 n  9061 (226.53/d) spr 29.2 gross   -0.8 net  -30.0 med  -16.8 win  35% t -10.69 CI [ -35.5, -25.1] | rand  -29.3 excess   -0.7 (t -1.20) sameday  -24.5
  V1 pace>=1.6             sip    30 n  8743 (218.57/d) spr 29.5 gross   -1.4 net  -30.9 med  -18.9 win  38% t -9.45 CI [ -37.7, -24.2] | rand  -30.2 excess   -0.6 (t -1.17) sameday  -21.9
  V1 pace>=1.6             sip    60 n  8083 (202.07/d) spr 29.6 gross   +0.3 net  -29.3 med  -21.2 win  40% t -6.57 CI [ -39.5, -19.2] | rand  -30.8 excess   +1.5 (t -0.77) sameday  -19.3
  V1 pace>=1.6             sip   120 n  6710 (167.75/d) spr 29.8 gross   +2.6 net  -27.2 med  -24.7 win  41% t -3.97 CI [ -45.3,  -8.2] | rand  -31.9 excess   +4.7 (t -0.35) sameday  -16.4
  V1 pace>=1.6             sip   eod n  9061 (226.53/d) spr 29.2 gross   +0.8 net  -28.5 med  -22.9 win  42% t -3.20 CI [ -53.1,  -8.3] | rand  -36.7 excess   +8.2 (t -0.14) sameday  -21.0
  V1 pace>=2               iex    15 n  6431 (160.78/d) spr 28.0 gross   -0.4 net  -28.5 med  -17.4 win  35% t -12.75 CI [ -33.4, -23.5] | rand  -30.3 excess   +1.9 (t +0.35) sameday  -23.4
  V1 pace>=2               iex    30 n  6243 (156.07/d) spr 28.2 gross   -0.5 net  -28.7 med  -19.4 win  38% t -9.84 CI [ -34.8, -22.8] | rand  -30.3 excess   +1.6 (t -0.29) sameday  -20.7
  V1 pace>=2               iex    60 n  5852 (146.30/d) spr 28.5 gross   -0.0 net  -28.5 med  -21.3 win  40% t -6.50 CI [ -37.8, -19.3] | rand  -30.2 excess   +1.6 (t -0.47) sameday  -19.1
  V1 pace>=2               iex   120 n  5004 (125.10/d) spr 29.0 gross   +5.7 net  -23.2 med  -18.9 win  44% t -3.42 CI [ -40.8,  -6.9] | rand  -31.0 excess   +7.8 (t +0.21) sameday  -15.7
  V1 pace>=2               iex   eod n  6431 (160.78/d) spr 28.0 gross   +0.3 net  -27.7 med  -24.8 win  42% t -3.03 CI [ -53.3,  -5.7] | rand  -36.3 excess   +8.7 (t -0.16) sameday  -20.8
  V1 pace>=2               sip    15 n  4960 (124.00/d) spr 29.8 gross   -2.2 net  -32.0 med  -18.0 win  35% t -9.08 CI [ -38.6, -25.4] | rand  -30.7 excess   -1.3 (t -1.54) sameday  -23.7
  V1 pace>=2               sip    30 n  4802 (120.05/d) spr 30.1 gross   -3.7 net  -33.8 med  -21.6 win  37% t -7.21 CI [ -43.1, -25.2] | rand  -30.9 excess   -2.9 (t -1.88) sameday  -23.0
  V1 pace>=2               sip    60 n  4455 (111.38/d) spr 30.5 gross   -3.4 net  -33.9 med  -23.7 win  40% t -5.28 CI [ -48.0, -21.3] | rand  -33.6 excess   -0.4 (t -1.41) sameday  -21.6
  V1 pace>=2               sip   120 n  3722 (93.05/d) spr 31.0 gross   +0.9 net  -30.1 med  -26.7 win  42% t -3.61 CI [ -52.3,  -7.8] | rand  -33.4 excess   +3.3 (t -1.07) sameday  -17.2
  V1 pace>=2               sip   eod n  4960 (124.00/d) spr 29.8 gross   -1.9 net  -31.7 med  -27.5 win  41% t -2.98 CI [ -62.9,  -6.8] | rand  -41.8 excess  +10.1 (t -0.80) sameday  -22.2
  V1 pace>=3               iex    15 n  2156 (53.90/d) spr 37.6 gross   -3.6 net  -41.2 med  -24.0 win  33% t -8.72 CI [ -53.0, -31.2] | rand  -38.1 excess   -3.1 (t -0.82) sameday  -34.5
  V1 pace>=3               iex    30 n  2097 (52.42/d) spr 37.7 gross   -5.7 net  -43.4 med  -27.4 win  36% t -7.55 CI [ -56.3, -32.1] | rand  -37.4 excess   -6.0 (t -1.82) sameday  -33.5
  V1 pace>=3               iex    60 n  1970 (49.25/d) spr 38.2 gross   -6.3 net  -44.4 med  -33.4 win  38% t -5.93 CI [ -60.0, -29.5] | rand  -39.4 excess   -5.0 (t -1.58) sameday  -32.6
  V1 pace>=3               iex   120 n  1694 (42.35/d) spr 38.8 gross   -1.6 net  -40.4 med  -35.0 win  41% t -4.28 CI [ -65.3, -16.5] | rand  -40.1 excess   -0.3 (t -1.05) sameday  -30.0
  V1 pace>=3               iex   eod n  2156 (53.90/d) spr 37.6 gross   -9.3 net  -46.8 med  -48.5 win  40% t -3.53 CI [ -79.7, -17.5] | rand  -44.7 excess   -2.1 (t -1.13) sameday  -37.1
  V1 pace>=3               sip    15 n  1578 (39.45/d) spr 29.2 gross   -5.1 net  -34.2 med  -19.1 win  37% t -5.18 CI [ -43.5, -26.2] | rand  -31.7 excess   -2.6 (t -1.86) sameday  -27.0
  V1 pace>=3               sip    30 n  1531 (38.27/d) spr 29.4 gross   -9.4 net  -38.8 med  -24.9 win  38% t -5.16 CI [ -50.5, -27.2] | rand  -33.9 excess   -4.9 (t -2.40) sameday  -24.4
  V1 pace>=3               sip    60 n  1428 (35.70/d) spr 29.3 gross  -11.7 net  -41.0 med  -33.6 win  41% t -4.86 CI [ -56.8, -26.1] | rand  -36.3 excess   -4.7 (t -2.11) sameday  -26.6
  V1 pace>=3               sip   120 n  1214 (30.35/d) spr 29.3 gross   -6.8 net  -36.1 med  -33.3 win  43% t -3.40 CI [ -65.4,  -9.5] | rand  -35.9 excess   -0.2 (t -1.59) sameday  -21.2
  V1 pace>=3               sip   eod n  1578 (39.45/d) spr 29.2 gross  -12.7 net  -41.8 med  -38.7 win  42% t -2.30 CI [ -87.0,  -0.4] | rand  -49.5 excess   +7.7 (t -1.09) sameday  -27.9
  V2 1m v>=3x hi15         iex    15 n 44266 (1106.65/d) spr 29.6 gross   +0.1 net  -29.5 med  -18.5 win  30% t -29.62 CI [ -31.7, -27.4] | rand  -28.8 excess   -0.7 (t -0.89) sameday  -22.1
  V2 1m v>=3x hi15         iex    30 n 42130 (1053.25/d) spr 29.8 gross   -0.8 net  -30.6 med  -19.9 win  33% t -21.85 CI [ -33.5, -27.7] | rand  -29.4 excess   -1.2 (t -1.07) sameday  -18.3
  V2 1m v>=3x hi15         iex    60 n 38333 (958.33/d) spr 30.0 gross   -2.1 net  -32.1 med  -21.7 win  36% t -12.40 CI [ -38.1, -26.9] | rand  -30.1 excess   -2.1 (t -1.02) sameday  -16.0
  V2 1m v>=3x hi15         iex   120 n 30283 (757.08/d) spr 31.1 gross   -0.7 net  -31.8 med  -22.6 win  39% t -6.71 CI [ -41.3, -22.4] | rand  -30.7 excess   -1.1 (t -0.44) sameday  -14.9
  V2 1m v>=3x hi15         iex   eod n 44266 (1106.65/d) spr 29.6 gross   -8.4 net  -38.0 med  -24.7 win  38% t -5.92 CI [ -51.7, -24.8] | rand  -34.8 excess   -3.2 (t -0.70) sameday  -22.2
  V2 1m v>=3x hi15         sip    15 n 24393 (609.83/d) spr 29.4 gross   -0.0 net  -29.4 med  -18.6 win  30% t -27.92 CI [ -31.5, -27.1] | rand  -29.0 excess   -0.3 (t -0.58) sameday  -17.9
  V2 1m v>=3x hi15         sip    30 n 23239 (580.98/d) spr 29.5 gross   -0.9 net  -30.5 med  -20.4 win  33% t -21.19 CI [ -33.7, -27.3] | rand  -29.9 excess   -0.6 (t -0.72) sameday  -11.2
  V2 1m v>=3x hi15         sip    60 n 21112 (527.80/d) spr 29.9 gross   -2.7 net  -32.5 med  -22.8 win  36% t -12.45 CI [ -38.3, -27.3] | rand  -30.7 excess   -1.8 (t -0.97) sameday   -7.1
  V2 1m v>=3x hi15         sip   120 n 16410 (410.25/d) spr 30.9 gross   -1.0 net  -31.9 med  -24.0 win  39% t -6.88 CI [ -42.4, -22.4] | rand  -30.5 excess   -1.4 (t -0.49) sameday   -6.2
  V2 1m v>=3x hi15         sip   eod n 24393 (609.83/d) spr 29.4 gross   -8.8 net  -38.1 med  -25.2 win  38% t -5.98 CI [ -52.3, -25.5] | rand  -36.0 excess   -2.1 (t -0.60) sameday  -13.0
  V2 1m v>=3x hi30         iex    15 n 31456 (786.40/d) spr 29.9 gross   -0.1 net  -30.0 med  -19.0 win  30% t -27.93 CI [ -32.2, -27.6] | rand  -29.2 excess   -0.7 (t -0.99) sameday  -19.0
  V2 1m v>=3x hi30         iex    30 n 29931 (748.27/d) spr 30.1 gross   -1.6 net  -31.7 med  -21.0 win  33% t -21.48 CI [ -34.9, -28.3] | rand  -29.5 excess   -2.2 (t -1.79) sameday  -14.0
  V2 1m v>=3x hi30         iex    60 n 27205 (680.12/d) spr 30.4 gross   -3.1 net  -33.5 med  -22.2 win  36% t -12.64 CI [ -39.3, -28.0] | rand  -31.1 excess   -2.4 (t -1.27) sameday  -10.7
  V2 1m v>=3x hi30         iex   120 n 21406 (535.15/d) spr 31.3 gross   -1.8 net  -33.2 med  -22.8 win  39% t -6.83 CI [ -43.8, -23.0] | rand  -30.9 excess   -2.3 (t -0.72) sameday  -10.6
  V2 1m v>=3x hi30         iex   eod n 31456 (786.40/d) spr 29.9 gross   -9.5 net  -39.4 med  -25.4 win  38% t -6.18 CI [ -53.7, -25.8] | rand  -35.8 excess   -3.6 (t -0.85) sameday  -17.1
  V2 1m v>=3x hi30         sip    15 n 17686 (442.15/d) spr 28.6 gross   -0.1 net  -28.7 med  -18.2 win  31% t -24.53 CI [ -31.3, -26.3] | rand  -28.2 excess   -0.5 (t -0.93) sameday  -13.7
  V2 1m v>=3x hi30         sip    30 n 16882 (422.05/d) spr 28.7 gross   -1.9 net  -30.6 med  -20.8 win  34% t -17.99 CI [ -34.4, -27.1] | rand  -29.0 excess   -1.6 (t -1.27) sameday   -5.8
  V2 1m v>=3x hi30         sip    60 n 15349 (383.73/d) spr 28.9 gross   -3.6 net  -32.6 med  -22.5 win  37% t -11.14 CI [ -38.9, -26.8] | rand  -30.2 excess   -2.4 (t -1.18) sameday   -1.5
  V2 1m v>=3x hi30         sip   120 n 11930 (298.25/d) spr 29.9 gross   -2.4 net  -32.3 med  -23.6 win  39% t -6.74 CI [ -42.9, -22.9] | rand  -31.0 excess   -1.3 (t -0.57) sameday   +0.0
  V2 1m v>=3x hi30         sip   eod n 17686 (442.15/d) spr 28.6 gross  -11.3 net  -39.9 med  -26.0 win  38% t -6.03 CI [ -55.0, -26.4] | rand  -36.4 excess   -3.5 (t -0.91) sameday   -9.0
  V2 1m v>=5x hi15         iex    15 n 27305 (682.62/d) spr 34.1 gross   +0.3 net  -33.8 med  -21.6 win  28% t -30.48 CI [ -36.3, -31.5] | rand  -32.9 excess   -1.0 (t -1.08) sameday  -26.4
  V2 1m v>=5x hi15         iex    30 n 26078 (651.95/d) spr 34.3 gross   -0.7 net  -34.9 med  -23.1 win  31% t -23.62 CI [ -38.0, -31.8] | rand  -33.3 excess   -1.7 (t -1.40) sameday  -23.0
  V2 1m v>=5x hi15         iex    60 n 23804 (595.10/d) spr 34.5 gross   -2.0 net  -36.4 med  -25.1 win  34% t -13.60 CI [ -42.7, -31.3] | rand  -34.5 excess   -1.9 (t -0.93) sameday  -20.6
  V2 1m v>=5x hi15         iex   120 n 18885 (472.12/d) spr 35.8 gross   -0.4 net  -36.2 med  -26.3 win  38% t -7.51 CI [ -46.6, -26.6] | rand  -35.6 excess   -0.6 (t -0.33) sameday  -20.1
  V2 1m v>=5x hi15         iex   eod n 27305 (682.62/d) spr 34.1 gross   -7.5 net  -41.6 med  -27.9 win  37% t -6.13 CI [ -55.8, -28.1] | rand  -38.7 excess   -3.0 (t -0.62) sameday  -26.1
  V2 1m v>=5x hi15         sip    15 n 11859 (296.48/d) spr 33.1 gross   -0.8 net  -33.9 med  -21.2 win  29% t -28.73 CI [ -36.0, -31.7] | rand  -32.5 excess   -1.5 (t -1.94) sameday  -21.3
  V2 1m v>=5x hi15         sip    30 n 11399 (284.98/d) spr 33.2 gross   -2.0 net  -35.2 med  -23.6 win  32% t -23.15 CI [ -38.0, -32.3] | rand  -32.4 excess   -2.9 (t -2.29) sameday  -14.3
  V2 1m v>=5x hi15         sip    60 n 10424 (260.60/d) spr 33.5 gross   -3.0 net  -36.5 med  -25.3 win  35% t -12.59 CI [ -42.8, -30.9] | rand  -33.6 excess   -2.8 (t -1.23) sameday  -10.0
  V2 1m v>=5x hi15         sip   120 n  8023 (200.57/d) spr 34.9 gross   -1.8 net  -36.7 med  -26.8 win  38% t -7.38 CI [ -47.6, -27.1] | rand  -35.2 excess   -1.5 (t -0.46) sameday   -9.0
  V2 1m v>=5x hi15         sip   eod n 11859 (296.48/d) spr 33.1 gross   -7.8 net  -40.9 med  -27.7 win  38% t -6.43 CI [ -54.0, -28.8] | rand  -37.7 excess   -3.2 (t -0.71) sameday  -13.5
  V2 1m v>=5x hi30         iex    15 n 19683 (492.07/d) spr 34.3 gross   +0.0 net  -34.3 med  -22.2 win  28% t -29.13 CI [ -36.9, -31.8] | rand  -32.9 excess   -1.3 (t -1.41) sameday  -23.8
  V2 1m v>=5x hi30         iex    30 n 18803 (470.07/d) spr 34.5 gross   -1.6 net  -36.1 med  -24.1 win  31% t -21.38 CI [ -39.6, -32.4] | rand  -33.1 excess   -3.0 (t -2.14) sameday  -18.5
  V2 1m v>=5x hi30         iex    60 n 17166 (429.15/d) spr 34.7 gross   -3.1 net  -37.9 med  -25.7 win  34% t -12.83 CI [ -44.9, -31.7] | rand  -34.8 excess   -3.0 (t -1.33) sameday  -15.1
  V2 1m v>=5x hi30         iex   120 n 13564 (339.10/d) spr 36.0 gross   -2.4 net  -38.4 med  -26.8 win  37% t -7.41 CI [ -49.5, -27.7] | rand  -35.9 excess   -2.5 (t -0.75) sameday  -15.8
  V2 1m v>=5x hi30         iex   eod n 19683 (492.07/d) spr 34.3 gross   -9.0 net  -43.4 med  -28.7 win  37% t -6.32 CI [ -57.4, -29.0] | rand  -39.3 excess   -4.1 (t -0.88) sameday  -21.1
  V2 1m v>=5x hi30         sip    15 n  8786 (219.65/d) spr 32.4 gross   -1.5 net  -33.9 med  -21.5 win  29% t -25.33 CI [ -36.3, -31.3] | rand  -31.0 excess   -2.9 (t -2.73) sameday  -17.8
  V2 1m v>=5x hi30         sip    30 n  8454 (211.35/d) spr 32.5 gross   -3.4 net  -35.9 med  -24.5 win  32% t -19.65 CI [ -39.6, -32.4] | rand  -31.7 excess   -4.1 (t -2.38) sameday   -9.8
  V2 1m v>=5x hi30         sip    60 n  7721 (193.03/d) spr 32.7 gross   -4.0 net  -36.7 med  -25.7 win  36% t -11.60 CI [ -44.2, -30.5] | rand  -33.0 excess   -3.6 (t -1.45) sameday   -4.1
  V2 1m v>=5x hi30         sip   120 n  5927 (148.18/d) spr 34.1 gross   -3.1 net  -37.1 med  -27.0 win  38% t -7.14 CI [ -49.3, -27.3] | rand  -32.5 excess   -4.7 (t -1.13) sameday   -2.7
  V2 1m v>=5x hi30         sip   eod n  8786 (219.65/d) spr 32.4 gross  -10.3 net  -42.6 med  -29.4 win  38% t -6.34 CI [ -57.0, -29.3] | rand  -38.8 excess   -3.9 (t -0.81) sameday   -9.1
  V2 5m v>=3x hi15         iex    15 n  7995 (199.88/d) spr 32.8 gross   +0.1 net  -32.7 med  -20.3 win  29% t -26.27 CI [ -35.3, -29.9] | rand  -31.4 excess   -1.3 (t -1.31) sameday  -21.8
  V2 5m v>=3x hi15         iex    30 n  7150 (178.75/d) spr 34.0 gross   -1.4 net  -35.4 med  -22.9 win  32% t -17.09 CI [ -39.6, -30.9] | rand  -33.5 excess   -1.9 (t -1.07) sameday  -18.5
  V2 5m v>=3x hi15         iex    60 n  6086 (152.15/d) spr 34.7 gross   -1.9 net  -36.5 med  -25.2 win  35% t -10.17 CI [ -44.9, -29.2] | rand  -36.6 excess   +0.1 (t -0.16) sameday  -17.4
  V2 5m v>=3x hi15         iex   120 n  4284 (107.10/d) spr 36.6 gross   -4.0 net  -40.6 med  -27.8 win  37% t -6.75 CI [ -53.4, -28.4] | rand  -37.1 excess   -3.5 (t -0.67) sameday  -18.6
  V2 5m v>=3x hi15         iex   eod n  7995 (199.88/d) spr 32.8 gross   -8.4 net  -41.2 med  -25.4 win  38% t -6.24 CI [ -55.5, -28.1] | rand  -37.2 excess   -3.9 (t -0.72) sameday  -21.1
  V2 5m v>=3x hi15         sip    15 n  4235 (105.88/d) spr 31.5 gross   -0.8 net  -32.3 med  -20.2 win  30% t -15.43 CI [ -36.3, -28.0] | rand  -30.1 excess   -2.2 (t -1.30) sameday  -16.4
  V2 5m v>=3x hi15         sip    30 n  3824 (95.60/d) spr 32.4 gross   -2.8 net  -35.2 med  -21.7 win  33% t -10.28 CI [ -42.2, -27.9] | rand  -32.6 excess   -2.7 (t -0.96) sameday  -10.6
  V2 5m v>=3x hi15         sip    60 n  3241 (81.03/d) spr 33.2 gross   -7.3 net  -40.5 med  -25.2 win  36% t -6.67 CI [ -54.9, -28.9] | rand  -37.5 excess   -3.0 (t -0.83) sameday  -11.1
  V2 5m v>=3x hi15         sip   120 n  2192 (54.80/d) spr 35.7 gross   -8.7 net  -44.4 med  -25.8 win  38% t -4.71 CI [ -66.5, -26.3] | rand  -38.6 excess   -5.8 (t -0.85) sameday  -14.6
  V2 5m v>=3x hi15         sip   eod n  4235 (105.88/d) spr 31.5 gross  -11.8 net  -43.4 med  -26.0 win  38% t -5.29 CI [ -62.4, -26.1] | rand  -37.0 excess   -6.4 (t -0.89) sameday  -13.5
  V2 5m v>=3x hi30         iex    15 n  6679 (166.97/d) spr 34.6 gross   -0.7 net  -35.3 med  -21.8 win  28% t -23.41 CI [ -38.5, -32.1] | rand  -33.7 excess   -1.6 (t -1.36) sameday  -22.8
  V2 5m v>=3x hi30         iex    30 n  6019 (150.47/d) spr 35.7 gross   -2.9 net  -38.6 med  -24.8 win  31% t -16.79 CI [ -43.8, -33.6] | rand  -34.6 excess   -4.1 (t -2.12) sameday  -17.0
  V2 5m v>=3x hi30         iex    60 n  5160 (129.00/d) spr 36.5 gross   -3.3 net  -39.8 med  -27.7 win  34% t -10.46 CI [ -48.9, -31.9] | rand  -36.4 excess   -3.4 (t -1.17) sameday  -15.4
  V2 5m v>=3x hi30         iex   120 n  3639 (90.97/d) spr 38.9 gross   -7.1 net  -46.0 med  -30.7 win  36% t -7.55 CI [ -59.0, -33.2] | rand  -37.5 excess   -8.6 (t -1.37) sameday  -17.5
  V2 5m v>=3x hi30         iex   eod n  6679 (166.97/d) spr 34.6 gross  -10.4 net  -45.0 med  -27.1 win  37% t -6.63 CI [ -60.9, -30.1] | rand  -40.2 excess   -4.8 (t -1.05) sameday  -20.5
  V2 5m v>=3x hi30         sip    15 n  3489 (87.22/d) spr 31.6 gross   -0.7 net  -32.3 med  -20.8 win  30% t -12.85 CI [ -37.2, -26.9] | rand  -29.8 excess   -2.5 (t -1.35) sameday  -14.2
  V2 5m v>=3x hi30         sip    30 n  3158 (78.95/d) spr 32.3 gross   -3.7 net  -36.0 med  -21.8 win  33% t -9.21 CI [ -44.5, -27.6] | rand  -32.2 excess   -3.9 (t -1.17) sameday   -7.9
  V2 5m v>=3x hi30         sip    60 n  2683 (67.08/d) spr 33.0 gross   -6.6 net  -39.7 med  -24.6 win  37% t -5.95 CI [ -55.7, -27.5] | rand  -37.0 excess   -2.6 (t -0.81) sameday   -7.6
  V2 5m v>=3x hi30         sip   120 n  1799 (44.98/d) spr 35.5 gross   -7.6 net  -43.1 med  -24.4 win  38% t -4.04 CI [ -67.7, -24.9] | rand  -41.8 excess   -1.3 (t -0.42) sameday   -9.5
  V2 5m v>=3x hi30         sip   eod n  3489 (87.22/d) spr 31.6 gross  -11.4 net  -43.0 med  -26.0 win  38% t -4.92 CI [ -64.6, -24.0] | rand  -35.1 excess   -7.9 (t -1.02) sameday  -11.4
  V2 5m v>=5x hi15         iex    15 n  3043 (76.08/d) spr 37.0 gross   +0.3 net  -36.7 med  -22.9 win  27% t -16.97 CI [ -41.0, -32.6] | rand  -36.3 excess   -0.4 (t -0.29) sameday  -25.4
  V2 5m v>=5x hi15         iex    30 n  2735 (68.38/d) spr 38.3 gross   +0.2 net  -38.1 med  -24.6 win  31% t -13.03 CI [ -44.0, -32.3] | rand  -37.2 excess   -1.0 (t -0.40) sameday  -21.0
  V2 5m v>=5x hi15         iex    60 n  2343 (58.58/d) spr 39.3 gross   -1.5 net  -40.8 med  -26.0 win  34% t -9.58 CI [ -49.3, -32.7] | rand  -38.8 excess   -2.0 (t -0.58) sameday  -17.9
  V2 5m v>=5x hi15         iex   120 n  1684 (42.10/d) spr 40.4 gross   -3.9 net  -44.3 med  -29.7 win  37% t -6.71 CI [ -57.7, -31.7] | rand  -44.4 excess   +0.1 (t +0.03) sameday  -24.0
  V2 5m v>=5x hi15         iex   eod n  3043 (76.08/d) spr 37.0 gross  -12.4 net  -49.4 med  -30.4 win  35% t -6.47 CI [ -66.3, -35.4] | rand  -41.3 excess   -8.1 (t -1.15) sameday  -27.2
  V2 5m v>=5x hi15         sip    15 n  1321 (33.02/d) spr 32.6 gross   -2.0 net  -34.6 med  -20.6 win  30% t -8.02 CI [ -42.8, -27.4] | rand  -33.4 excess   -1.3 (t -0.38) sameday  -17.5
  V2 5m v>=5x hi15         sip    30 n  1207 (30.18/d) spr 33.3 gross   -4.0 net  -37.3 med  -21.7 win  32% t -7.20 CI [ -48.2, -28.5] | rand  -34.9 excess   -2.4 (t -0.74) sameday   -9.9
  V2 5m v>=5x hi15         sip    60 n  1042 (26.05/d) spr 33.2 gross   -6.6 net  -39.8 med  -23.2 win  36% t -4.68 CI [ -61.5, -25.0] | rand  -37.7 excess   -2.1 (t -0.71) sameday   -8.4
  V2 5m v>=5x hi15         sip   120 n   690 (17.25/d) spr 36.3 gross   -9.0 net  -45.3 med  -22.8 win  37% t -3.54 CI [ -75.8, -22.3] | rand  -45.0 excess   -0.3 (t -0.20) sameday  -12.7
  V2 5m v>=5x hi15         sip   eod n  1321 (33.02/d) spr 32.6 gross  -10.7 net  -43.3 med  -27.0 win  37% t -4.15 CI [ -69.3, -23.8] | rand  -38.2 excess   -5.1 (t -0.71) sameday  -12.9
  V2 5m v>=5x hi30         iex    15 n  2661 (66.53/d) spr 38.7 gross   -0.2 net  -39.0 med  -24.3 win  26% t -15.47 CI [ -43.7, -34.0] | rand  -37.1 excess   -1.8 (t -0.80) sameday  -26.1
  V2 5m v>=5x hi30         iex    30 n  2408 (60.20/d) spr 40.0 gross   -2.7 net  -42.6 med  -26.5 win  30% t -11.79 CI [ -50.0, -35.7] | rand  -38.6 excess   -4.1 (t -1.29) sameday  -22.1
  V2 5m v>=5x hi30         iex    60 n  2070 (51.75/d) spr 41.4 gross   -5.0 net  -46.4 med  -28.7 win  33% t -8.88 CI [ -58.6, -36.4] | rand  -41.1 excess   -5.3 (t -1.32) sameday  -18.1
  V2 5m v>=5x hi30         iex   120 n  1476 (36.90/d) spr 42.8 gross   -7.2 net  -50.0 med  -31.1 win  37% t -6.73 CI [ -64.4, -36.4] | rand  -44.1 excess   -6.0 (t -0.72) sameday  -23.3
  V2 5m v>=5x hi30         iex   eod n  2661 (66.53/d) spr 38.7 gross  -13.9 net  -52.7 med  -32.2 win  35% t -6.62 CI [ -69.7, -37.1] | rand  -42.2 excess  -10.4 (t -1.48) sameday  -25.9
  V2 5m v>=5x hi30         sip    15 n  1118 (27.95/d) spr 33.3 gross   -1.5 net  -34.8 med  -21.3 win  30% t -6.78 CI [ -44.5, -26.4] | rand  -32.7 excess   -2.1 (t -0.63) sameday  -16.3
  V2 5m v>=5x hi30         sip    30 n  1022 (25.55/d) spr 34.1 gross   -3.9 net  -38.0 med  -21.9 win  32% t -6.50 CI [ -49.6, -27.7] | rand  -35.9 excess   -2.1 (t -0.54) sameday   -5.7
  V2 5m v>=5x hi30         sip    60 n   878 (21.95/d) spr 34.4 gross   -5.6 net  -40.0 med  -22.2 win  37% t -4.08 CI [ -63.6, -23.7] | rand  -35.0 excess   -5.1 (t -1.10) sameday   -5.9
  V2 5m v>=5x hi30         sip   120 n   574 (14.35/d) spr 38.1 gross   -8.7 net  -46.8 med  -22.8 win  37% t -2.94 CI [ -83.6, -22.8] | rand  -42.7 excess   -4.2 (t -0.72) sameday   -8.6
  V2 5m v>=5x hi30         sip   eod n  1118 (27.95/d) spr 33.3 gross  -11.1 net  -44.4 med  -26.7 win  38% t -3.76 CI [ -72.0, -23.6] | rand  -39.2 excess   -5.2 (t -0.70) sameday   -9.4
  V3 ABS                   iex    15 n 54072 (1351.80/d) spr 28.6 gross   -0.9 net  -29.5 med  -17.7 win  29% t -29.40 CI [ -31.5, -27.4] | rand  -28.3 excess   -1.2 (t -1.15) sameday  -34.5
  V3 ABS                   iex    30 n 51760 (1294.00/d) spr 28.7 gross   -1.4 net  -30.1 med  -19.1 win  34% t -19.53 CI [ -33.5, -27.0] | rand  -28.8 excess   -1.3 (t -0.61) sameday  -38.2
  V3 ABS                   iex    60 n 46996 (1174.90/d) spr 28.9 gross   -2.5 net  -31.4 med  -20.5 win  36% t -11.37 CI [ -37.2, -26.0] | rand  -29.8 excess   -1.6 (t -0.34) sameday  -41.2
  V3 ABS                   iex   120 n 37159 (928.98/d) spr 29.6 gross   -2.1 net  -31.7 med  -22.1 win  39% t -5.99 CI [ -42.7, -22.3] | rand  -29.8 excess   -2.0 (t -0.06) sameday  -42.1
  V3 ABS                   iex   eod n 54072 (1351.80/d) spr 28.6 gross   -6.8 net  -35.4 med  -22.8 win  39% t -5.07 CI [ -47.8, -23.5] | rand  -35.1 excess   -0.3 (t +0.24) sameday  -44.7
  V3 ABS                   sip    15 n 15299 (382.48/d) spr 34.3 gross   -1.8 net  -36.1 med  -19.5 win  29% t -24.46 CI [ -39.1, -33.3] | rand  -32.7 excess   -3.4 (t -2.21) sameday  -42.4
  V3 ABS                   sip    30 n 14790 (369.75/d) spr 34.6 gross   -2.6 net  -37.2 med  -19.9 win  34% t -17.94 CI [ -41.4, -33.3] | rand  -33.6 excess   -3.6 (t -1.60) sameday  -48.2
  V3 ABS                   sip    60 n 13612 (340.30/d) spr 34.9 gross   -4.6 net  -39.5 med  -23.3 win  36% t -12.06 CI [ -45.8, -33.0] | rand  -35.3 excess   -4.1 (t -1.02) sameday  -53.5
  V3 ABS                   sip   120 n 11078 (276.95/d) spr 35.4 gross   -6.0 net  -41.4 med  -25.0 win  39% t -6.79 CI [ -53.0, -30.2] | rand  -34.4 excess   -7.0 (t -0.87) sameday  -55.0
  V3 ABS                   sip   eod n 15299 (382.48/d) spr 34.3 gross  -11.8 net  -46.1 med  -26.2 win  38% t -5.24 CI [ -61.7, -31.6] | rand  -40.7 excess   -5.4 (t -0.25) sameday  -59.7
  V3 EFR                   iex    15 n 67805 (1695.12/d) spr 20.3 gross   -0.1 net  -20.4 med  -12.9 win  34% t -27.29 CI [ -22.0, -18.9] | rand  -20.4 excess   +0.0 (t +0.02) sameday  -18.7
  V3 EFR                   iex    30 n 63781 (1594.53/d) spr 20.5 gross   -0.6 net  -21.1 med  -13.9 win  37% t -17.61 CI [ -23.6, -18.8] | rand  -21.1 excess   +0.0 (t +0.01) sameday  -18.1
  V3 EFR                   iex    60 n 57211 (1430.28/d) spr 20.7 gross   -1.3 net  -22.0 med  -15.4 win  39% t -9.76 CI [ -26.5, -17.6] | rand  -22.1 excess   +0.1 (t +0.02) sameday  -17.7
  V3 EFR                   iex   120 n 44896 (1122.40/d) spr 21.4 gross   -0.3 net  -21.7 med  -16.2 win  42% t -4.88 CI [ -31.1, -12.8] | rand  -22.4 excess   +0.7 (t +0.12) sameday  -17.3
  V3 EFR                   iex   eod n 67805 (1695.12/d) spr 20.3 gross   -6.3 net  -26.6 med  -17.7 win  41% t -4.48 CI [ -38.9, -15.2] | rand  -26.7 excess   +0.1 (t +0.01) sameday  -22.4
  V3 EFR                   sip    15 n 54071 (1351.78/d) spr 27.0 gross   -1.0 net  -28.0 med  -17.1 win  30% t -32.75 CI [ -29.8, -26.1] | rand  -26.5 excess   -1.5 (t -2.04) sameday  -23.2
  V3 EFR                   sip    30 n 51102 (1277.55/d) spr 27.3 gross   -1.7 net  -29.0 med  -18.6 win  33% t -23.59 CI [ -31.5, -26.4] | rand  -27.3 excess   -1.7 (t -1.58) sameday  -21.5
  V3 EFR                   sip    60 n 45791 (1144.78/d) spr 27.5 gross   -3.0 net  -30.5 med  -20.4 win  36% t -13.11 CI [ -35.6, -26.0] | rand  -28.0 excess   -2.5 (t -1.12) sameday  -20.6
  V3 EFR                   sip   120 n 35460 (886.50/d) spr 28.4 gross   -2.7 net  -31.1 med  -22.1 win  39% t -6.94 CI [ -40.5, -22.4] | rand  -28.6 excess   -2.5 (t -0.57) sameday  -21.0
  V3 EFR                   sip   eod n 54071 (1351.78/d) spr 27.0 gross   -7.8 net  -34.7 med  -22.3 win  39% t -5.90 CI [ -47.1, -24.0] | rand  -31.8 excess   -2.9 (t -0.53) sameday  -25.4
  V3 NS                    iex    15 n 15013 (375.32/d) spr  8.3 gross   +0.6 net   -7.8 med   -5.0 win  44% t -8.19 CI [  -9.8,  -5.8] | rand   -9.2 excess   +1.4 (t +0.82) sameday   -0.1
  V3 NS                    iex    30 n 14597 (364.93/d) spr  8.4 gross   -2.7 net  -11.1 med   -6.5 win  44% t -6.61 CI [ -15.0,  -7.5] | rand  -10.0 excess   -1.1 (t -1.13) sameday   +2.2
  V3 NS                    iex    60 n 13641 (341.02/d) spr  8.5 gross   -2.4 net  -10.9 med   -6.4 win  46% t -4.13 CI [ -17.6,  -5.4] | rand  -10.8 excess   -0.1 (t -0.77) sameday   +3.3
  V3 NS                    iex   120 n 11830 (295.75/d) spr  8.8 gross   -3.1 net  -11.9 med   -8.7 win  46% t -3.03 CI [ -23.0,  -1.1] | rand  -10.2 excess   -1.8 (t -1.13) sameday   +3.2
  V3 NS                    iex   eod n 15013 (375.32/d) spr  8.3 gross  -12.8 net  -21.2 med  -11.9 win  45% t -3.37 CI [ -37.8,  -6.6] | rand  -16.8 excess   -4.4 (t -1.18) sameday   -6.8
  V3 NS                    sip    15 n 41765 (1044.12/d) spr 20.8 gross   -0.4 net  -21.2 med  -12.6 win  35% t -23.56 CI [ -23.1, -19.4] | rand  -21.0 excess   -0.2 (t -0.74) sameday  -13.4
  V3 NS                    sip    30 n 40837 (1020.92/d) spr 20.8 gross   -2.3 net  -23.2 med  -14.0 win  38% t -13.68 CI [ -27.0, -19.6] | rand  -22.1 excess   -1.0 (t -1.20) sameday  -10.4
  V3 NS                    sip    60 n 38364 (959.10/d) spr 20.9 gross   -3.9 net  -24.8 med  -15.3 win  40% t -8.31 CI [ -31.4, -18.9] | rand  -22.4 excess   -2.4 (t -1.41) sameday   -9.8
  V3 NS                    sip   120 n 32756 (818.90/d) spr 21.5 gross   -5.3 net  -26.8 med  -17.6 win  42% t -5.73 CI [ -37.0, -17.0] | rand  -22.2 excess   -4.6 (t -1.51) sameday  -12.1
  V3 NS                    sip   eod n 41765 (1044.12/d) spr 20.8 gross  -12.9 net  -33.7 med  -20.7 win  41% t -4.98 CI [ -51.0, -18.7] | rand  -28.9 excess   -4.9 (t -1.23) sameday  -19.3

### C SIP vs IEX detection (long, tune pooled): n / gross / net / t
  V1 pace>=1.6           15: S 9061/-0.8/-30.0/-10.7  I 11504/-0.4/-26.6/-15.6 | 30: S 8743/-1.4/-30.9/-9.5  I 11101/-1.2/-27.5/-11.9 | 60: S 8083/+0.3/-29.3/-6.6  I 10263/-0.7/-27.3/-7.7 | 120: S 6710/+2.6/-27.2/-4.0  I 8533/+2.4/-24.9/-4.1 | eod: S 9061/+0.8/-28.5/-3.2  I 11504/+0.7/-25.4/-3.3
  V1 pace>=2             15: S 4960/-2.2/-32.0/-9.1  I 6431/-0.4/-28.5/-12.8 | 30: S 4802/-3.7/-33.8/-7.2  I 6243/-0.5/-28.7/-9.8 | 60: S 4455/-3.4/-33.9/-5.3  I 5852/-0.0/-28.5/-6.5 | 120: S 3722/+0.9/-30.1/-3.6  I 5004/+5.7/-23.2/-3.4 | eod: S 4960/-1.9/-31.7/-3.0  I 6431/+0.3/-27.7/-3.0
  V1 pace>=3             15: S 1578/-5.1/-34.2/-5.2  I 2156/-3.6/-41.2/-8.7 | 30: S 1531/-9.4/-38.8/-5.2  I 2097/-5.7/-43.4/-7.6 | 60: S 1428/-11.7/-41.0/-4.9  I 1970/-6.3/-44.4/-5.9 | 120: S 1214/-6.8/-36.1/-3.4  I 1694/-1.6/-40.4/-4.3 | eod: S 1578/-12.7/-41.8/-2.3  I 2156/-9.3/-46.8/-3.5
  V2 1m v>=3x hi15       15: S 24393/-0.0/-29.4/-27.9  I 44266/+0.1/-29.5/-29.6 | 30: S 23239/-0.9/-30.5/-21.2  I 42130/-0.8/-30.6/-21.8 | 60: S 21112/-2.7/-32.5/-12.4  I 38333/-2.1/-32.1/-12.4 | 120: S 16410/-1.0/-31.9/-6.9  I 30283/-0.7/-31.8/-6.7 | eod: S 24393/-8.8/-38.1/-6.0  I 44266/-8.4/-38.0/-5.9
  V2 1m v>=3x hi30       15: S 17686/-0.1/-28.7/-24.5  I 31456/-0.1/-30.0/-27.9 | 30: S 16882/-1.9/-30.6/-18.0  I 29931/-1.6/-31.7/-21.5 | 60: S 15349/-3.6/-32.6/-11.1  I 27205/-3.1/-33.5/-12.6 | 120: S 11930/-2.4/-32.3/-6.7  I 21406/-1.8/-33.2/-6.8 | eod: S 17686/-11.3/-39.9/-6.0  I 31456/-9.5/-39.4/-6.2
  V2 1m v>=5x hi15       15: S 11859/-0.8/-33.9/-28.7  I 27305/+0.3/-33.8/-30.5 | 30: S 11399/-2.0/-35.2/-23.1  I 26078/-0.7/-34.9/-23.6 | 60: S 10424/-3.0/-36.5/-12.6  I 23804/-2.0/-36.4/-13.6 | 120: S 8023/-1.8/-36.7/-7.4  I 18885/-0.4/-36.2/-7.5 | eod: S 11859/-7.8/-40.9/-6.4  I 27305/-7.5/-41.6/-6.1
  V2 1m v>=5x hi30       15: S 8786/-1.5/-33.9/-25.3  I 19683/+0.0/-34.3/-29.1 | 30: S 8454/-3.4/-35.9/-19.7  I 18803/-1.6/-36.1/-21.4 | 60: S 7721/-4.0/-36.7/-11.6  I 17166/-3.1/-37.9/-12.8 | 120: S 5927/-3.1/-37.1/-7.1  I 13564/-2.4/-38.4/-7.4 | eod: S 8786/-10.3/-42.6/-6.3  I 19683/-9.0/-43.4/-6.3
  V2 5m v>=3x hi15       15: S 4235/-0.8/-32.3/-15.4  I 7995/+0.1/-32.7/-26.3 | 30: S 3824/-2.8/-35.2/-10.3  I 7150/-1.4/-35.4/-17.1 | 60: S 3241/-7.3/-40.5/-6.7  I 6086/-1.9/-36.5/-10.2 | 120: S 2192/-8.7/-44.4/-4.7  I 4284/-4.0/-40.6/-6.8 | eod: S 4235/-11.8/-43.4/-5.3  I 7995/-8.4/-41.2/-6.2
  V2 5m v>=3x hi30       15: S 3489/-0.7/-32.3/-12.8  I 6679/-0.7/-35.3/-23.4 | 30: S 3158/-3.7/-36.0/-9.2  I 6019/-2.9/-38.6/-16.8 | 60: S 2683/-6.6/-39.7/-6.0  I 5160/-3.3/-39.8/-10.5 | 120: S 1799/-7.6/-43.1/-4.0  I 3639/-7.1/-46.0/-7.6 | eod: S 3489/-11.4/-43.0/-4.9  I 6679/-10.4/-45.0/-6.6
  V2 5m v>=5x hi15       15: S 1321/-2.0/-34.6/-8.0  I 3043/+0.3/-36.7/-17.0 | 30: S 1207/-4.0/-37.3/-7.2  I 2735/+0.2/-38.1/-13.0 | 60: S 1042/-6.6/-39.8/-4.7  I 2343/-1.5/-40.8/-9.6 | 120: S 690/-9.0/-45.3/-3.5  I 1684/-3.9/-44.3/-6.7 | eod: S 1321/-10.7/-43.3/-4.1  I 3043/-12.4/-49.4/-6.5
  V2 5m v>=5x hi30       15: S 1118/-1.5/-34.8/-6.8  I 2661/-0.2/-39.0/-15.5 | 30: S 1022/-3.9/-38.0/-6.5  I 2408/-2.7/-42.6/-11.8 | 60: S 878/-5.6/-40.0/-4.1  I 2070/-5.0/-46.4/-8.9 | 120: S 574/-8.7/-46.8/-2.9  I 1476/-7.2/-50.0/-6.7 | eod: S 1118/-11.1/-44.4/-3.8  I 2661/-13.9/-52.7/-6.6
  V3 ABS                 15: S 15299/-1.8/-36.1/-24.5  I 54072/-0.9/-29.5/-29.4 | 30: S 14790/-2.6/-37.2/-17.9  I 51760/-1.4/-30.1/-19.5 | 60: S 13612/-4.6/-39.5/-12.1  I 46996/-2.5/-31.4/-11.4 | 120: S 11078/-6.0/-41.4/-6.8  I 37159/-2.1/-31.7/-6.0 | eod: S 15299/-11.8/-46.1/-5.2  I 54072/-6.8/-35.4/-5.1
  V3 EFR                 15: S 54071/-1.0/-28.0/-32.8  I 67805/-0.1/-20.4/-27.3 | 30: S 51102/-1.7/-29.0/-23.6  I 63781/-0.6/-21.1/-17.6 | 60: S 45791/-3.0/-30.5/-13.1  I 57211/-1.3/-22.0/-9.8 | 120: S 35460/-2.7/-31.1/-6.9  I 44896/-0.3/-21.7/-4.9 | eod: S 54071/-7.8/-34.7/-5.9  I 67805/-6.3/-26.6/-4.5
  V3 NS                  15: S 41765/-0.4/-21.2/-23.6  I 15013/+0.6/-7.8/-8.2 | 30: S 40837/-2.3/-23.2/-13.7  I 14597/-2.7/-11.1/-6.6 | 60: S 38364/-3.9/-24.8/-8.3  I 13641/-2.4/-10.9/-4.1 | 120: S 32756/-5.3/-26.8/-5.7  I 11830/-3.1/-11.9/-3.0 | eod: S 41765/-12.9/-33.7/-5.0  I 15013/-12.8/-21.2/-3.4
